trial_id,replicate_id,com_scale,payload_mass,payload_pos_x,payload_pos_y,payload_pos_z,true_com_x,true_com_y,true_com_z,measurement_seed,torque_seed,force_seed,position_rms,position_rms_x,position_rms_y,position_rms_z,velocity_rms,attitude_rms,attitude_rms_x,attitude_rms_y,attitude_rms_z,peak_attitude,angular_acc_command_rms,mean_dob_norm,final_com_error,final_com_error_x,final_com_error_y,final_com_error_z,moce_convergence_time,max_motor_utilization,max_servo_angle,saturation_time,terminal_altitude_m,terminal_tilt_rad,terminal_airborne,numerical_success,flight_success,success,failure_reason,runtime_s
0,0,1.2,0.5,0.372,0.372,0.672,0.03957446808510638,0.03957446808510638,0.07148936170212766,7000,7001,7002,0.07616909335161541,0.04094256936528919,0.06087791775036477,0.020477205037685364,0.1442917302659235,0.016486362064824404,0.010402443006175871,0.009813587397158829,0.008202610318311418,0.030837483302186785,4.716200801626567,2.131765600851319,0.006307312727001169,0.0006775480500219103,9.327256757171026e-05,0.006270121426594624,nan,0.4283031218430221,0.5079213975121184,0,0.7947290620726971,0.010715451211434609,True,True,True,True,normal_completion,6.302758922000066
1,1,1.2,0.5,0.372,0.372,0.672,0.03957446808510638,0.03957446808510638,0.07148936170212766,7003,7004,7005,0.06973457157513688,0.04215820295521822,0.051308906433095096,0.021283620861930645,0.13690811610842593,0.013631475530692508,0.009130575575376314,0.006896855550251652,0.007408312785322457,0.03113673262174381,4.142715630014004,1.6164033212153002,0.003131502800747515,-0.00046960225014654883,0.00013721038117358447,-0.0030930497618119612,nan,0.4272694295025754,0.35380787495245175,0,0.7879593649607237,0.009762426969375777,True,True,True,True,normal_completion,18.785420953000084
2,2,1.2,0.5,0.372,0.372,0.672,0.03957446808510638,0.03957446808510638,0.07148936170212766,7006,7007,7008,0.06770710171890025,0.042011232520995055,0.048701140540951655,0.021154358303925657,0.13062439357964595,0.015328132467835506,0.009872665543762177,0.006663634067371271,0.00964769926089602,0.028568538162553576,4.299391116439965,1.2849791783401157,0.0045294266391929855,0.00031566151125399233,0.0007554292552325245,0.004454816509182252,nan,0.4288676486061673,0.48722570686635913,0,0.787475917196474,0.008392570031925608,True,True,True,True,normal_completion,8.467802925000342
3,3,1.2,0.5,0.372,0.372,0.672,0.03957446808510638,0.03957446808510638,0.07148936170212766,7009,7010,7011,0.06663704759352113,0.03929921263947689,0.04951210921939771,0.02108599152387223,0.12771319891811875,0.01589875848648745,0.009653963300777004,0.009107181954783545,0.008753899179301292,0.03345341991006415,4.433420391153139,1.7404244431243054,0.011273764451778896,-0.0008697896253820406,0.0003563242977154685,0.011234512179735659,nan,0.4234877435925823,0.4970601049049342,0,0.7816577631752322,0.010929822255595684,True,True,True,True,normal_completion,7.2616944129999865
4,4,1.2,0.5,0.372,0.372,0.672,0.03957446808510638,0.03957446808510638,0.07148936170212766,7012,7013,7014,0.06836784934810346,0.04405956326754764,0.04824070050372607,0.020143299731368237,0.13665616719230217,0.013349439435627443,0.008872735501066781,0.005851762012956319,0.008077065018762413,0.027880993330293122,3.9640285139703413,1.462608163751479,0.0023880265231913216,-0.00046607209781554526,0.0002507722523965236,0.002328639249117609,nan,0.42253482169738105,0.4856023380040485,0,0.8016292945094359,0.004269850080358101,True,True,True,True,normal_completion,6.6021441950001645
5,0,1.22,0.5,0.3782,0.3782,0.6832,0.04023404255319149,0.04023404255319149,0.0726808510638298,7000,7001,7002,0.07607269097896284,0.04087686983400181,0.06080016075237029,0.02048112003384529,0.14407525633168153,0.016736327843452723,0.01054075098950502,0.009937688773427626,0.008380905685143504,0.03181782333647861,4.763185812768637,2.141707349621145,0.006397774233679102,0.0006660937757137914,7.074952926538342e-05,0.00636261178535924,nan,0.43321058661069517,0.5105456244592467,0,0.7947682712344778,0.010852378955332578,True,True,True,True,normal_completion,6.305457471999944
6,1,1.22,0.5,0.3782,0.3782,0.6832,0.04023404255319149,0.04023404255319149,0.0726808510638298,7003,7004,7005,0.06969386425278708,0.042151772030465044,0.051257468761208715,0.021286961393569736,0.13703867061364597,0.013834680061040926,0.009260228319673316,0.006934500992580571,0.007586780598039117,0.03141398423645865,4.175522969681997,1.6221348054712315,0.003085086564162771,-0.000467133181852146,0.00013871195647307405,-0.0030463592519467814,nan,0.42964216267175964,0.4922020213419905,0,0.7879579294031366,0.00991995370044177,True,True,True,True,normal_completion,6.18398093299993
7,2,1.22,0.5,0.3782,0.3782,0.6832,0.04023404255319149,0.04023404255319149,0.0726808510638298,7006,7007,7008,0.0677601651254526,0.0419793831205172,0.048804673978271276,0.021148881022978253,0.13068427552947504,0.015361801573113343,0.009947822098133762,0.0067736783626014575,0.009546887687388707,0.0293907380743199,4.3073993332260425,1.290894125220294,0.004540704196322413,0.00030549764644290794,0.0007457969557169847,0.004468607466242822,nan,0.4296619471675387,0.4315732482951882,0,0.7874821413087336,0.008599053546635978,True,True,True,True,normal_completion,6.245009584999934
8,3,1.22,0.5,0.3782,0.3782,0.6832,0.04023404255319149,0.04023404255319149,0.0726808510638298,7009,7010,7011,0.06670747086234505,0.039274411828598164,0.04962866787241488,0.021080857894730427,0.12776451082676885,0.0160701298242623,0.009703076942132167,0.00917971472987431,0.008934887123060706,0.033771595188098684,4.441039341999724,1.747323429983142,0.011309401952405549,-0.0008809806388785368,0.0003427456000962281,0.011269825690249619,nan,0.4246588125279349,0.5119795620414551,0,0.7816820119352408,0.01099741373369321,True,True,True,True,normal_completion,7.101738589999968
9,4,1.22,0.5,0.3782,0.3782,0.6832,0.04023404255319149,0.04023404255319149,0.0726808510638298,7012,7013,7014,0.06833750269071037,0.04403353262627015,0.048221960701401535,0.020142114699468295,0.13658789759534654,0.013506118147898982,0.008952844425651989,0.005911743186446411,0.008204455899849935,0.02814382036513272,3.980375042562435,1.4703649270190995,0.0024059025874659354,-0.00046437654657478095,0.00024957399915272876,0.002347431469141001,nan,0.4246861634656532,0.4971607776307161,0,0.8016439363997774,0.004246886265952023,True,True,True,True,normal_completion,8.957558772000084
10,0,1.24,0.5,0.3844,0.3844,0.6944,0.0408936170212766,0.0408936170212766,0.07387234042553192,7000,7001,7002,0.07597132065611392,0.04083599945524023,0.06069400462354411,0.02050123199914843,0.14399881448297225,0.01702271197874517,0.010731117493638366,0.010058215663495204,0.008570188919484903,0.032651175647190396,4.826132943000831,2.1543293108141963,0.006453774456427125,0.0006715269358941456,8.016997551330007e-05,0.006418241899759314,nan,0.4363493208895226,0.5241162359221854,0,0.7947596167383517,0.011143962254610618,True,True,True,True,normal_completion,7.43624444399984
11,1,1.24,0.5,0.3844,0.3844,0.6944,0.0408936170212766,0.0408936170212766,0.07387234042553192,7003,7004,7005,0.06967443320599412,0.042132728537992624,0.05124635636265128,0.021287808437519075,0.1370532739705745,0.0139904198832899,0.009379482272780492,0.0069791528825661414,0.007684307766293483,0.031701013772954686,4.1988429768984,1.6277527707051422,0.003044450981413094,-0.0004641229751820228,0.00014064131581561362,-0.003005576760360812,nan,0.4319911014211872,0.5009118288810287,0,0.7879555908064116,0.010103868141936449,True,True,True,True,normal_completion,6.8219639120002284
12,2,1.24,0.5,0.3844,0.3844,0.6944,0.0408936170212766,0.0408936170212766,0.07387234042553192,7006,7007,7008,2.031884235606086,0.10854589782394922,1.9213513635193378,0.6520584888432192,0.3666107817999195,3.1434620156403428,3.1415057750487954,0.0007057476585350439,0.11088016517387957,3.146148556068669,67.98914947534256,0.0,0.09381736782766485,-0.0408936170212766,-0.0408936170212766,-0.07387234042553192,nan,0.0,0.0009027081543164783,0,0.05024757896747448,3.1411138164086965,False,True,False,False,loss_of_flight,7.730710383999849
13,3,1.24,0.5,0.3844,0.3844,0.6944,0.0408936170212766,0.0408936170212766,0.07387234042553192,7009,7010,7011,0.06660868534074829,0.03923721115128534,0.04952245772457482,0.0210875414595909,0.12775596981082302,0.016308485454042385,0.009773664388758704,0.009267200899320935,0.009195714747220396,0.03401296977744648,4.47050994501148,1.7550827915184943,0.011372277721884571,-0.0008828925945335783,0.00034338693264848036,0.0113327528281824,nan,0.4257753280330524,0.523485032918789,0,0.7816820704041161,0.011079193275457193,True,True,True,True,normal_completion,6.155247648000113
14,4,1.24,0.5,0.3844,0.3844,0.6944,0.0408936170212766,0.0408936170212766,0.07387234042553192,7012,7013,7014,0.7575148707473136,0.1695207386872146,0.34630071099756293,0.6520485534995402,0.36679079293694417,3.448270819628075,3.1415012953324806,0.0006905509690778773,1.4218089815661519,3.4513690050437176,69.44110343058954,0.0,0.09381736782766485,-0.0408936170212766,-0.0408936170212766,-0.07387234042553192,nan,0.0,0.0009549191717687823,0,0.05059247048648634,3.139754909741762,False,True,False,False,loss_of_flight,7.507826377000129
15,0,1.25,0.5,0.3875,0.3875,0.7000000000000001,0.04122340425531915,0.04122340425531915,0.07446808510638299,7000,7001,7002,0.07593605048203865,0.0408148658427302,0.06066551359364291,0.02049697415401079,0.14394097064781475,0.017111902493150265,0.010850966652809171,0.010095825014693704,0.00855266314707823,0.033103503184778,4.8408480513103465,2.156305294098561,0.006473511467388608,0.000670497449621825,7.926117437363767e-05,0.006438206392676407,nan,0.43595107291722535,0.5266501968075333,0,0.794762602601088,0.011267047030617223,True,True,True,True,normal_completion,7.305815450999944
16,1,1.25,0.5,0.3875,0.3875,0.7000000000000001,0.04122340425531915,0.04122340425531915,0.07446808510638299,7003,7004,7005,0.06966539574302809,0.04211904277930783,0.05124517135766937,0.021288166006273448,0.13705216273686788,0.014064820498214881,0.009438408491724323,0.007002551293289523,0.007726570790150073,0.0318583977008477,4.2104223539088395,1.6304007034012682,0.0030165664299061897,-0.00046215615940160826,0.0001417689313482698,-0.0029775806085593215,nan,0.4331552489224962,0.5041468071035665,0,0.7879537984937447,0.010210512602886686,True,True,True,True,normal_completion,6.607400048999807
17,2,1.25,0.5,0.3875,0.3875,0.7000000000000001,0.04122340425531915,0.04122340425531915,0.07446808510638299,7006,7007,7008,1.944963852411961,0.1074685221676227,1.8290060590940247,0.6527417098130237,0.36664449327482784,3.143694803037528,3.141513111733424,0.0007050593198033251,0.11709776404144431,3.14664412160337,68.98513851280185,0.0,0.09457395950369442,-0.04122340425531915,-0.04122340425531915,-0.07446808510638299,nan,0.0,0.0010148151661337915,0,0.0494550250819651,3.141134399142254,False,True,False,False,loss_of_flight,7.312858547999895
18,3,1.25,0.5,0.3875,0.3875,0.7000000000000001,0.04122340425531915,0.04122340425531915,0.07446808510638299,7009,7010,7011,0.06661331972322808,0.039220123672692876,0.04954410376745208,0.02108312229077143,0.1277087694861307,0.016359426240162348,0.009774944133625632,0.009299990124535057,0.009251566233636346,0.034097773103688354,4.467188815916111,1.7573168943526514,0.011389401357843387,-0.0008840307391775742,0.0003439073936468903,0.011349831745309222,nan,0.42631505686276794,0.5140681763957822,0,0.7816817870884768,0.011139123254907594,True,True,True,True,normal_completion,6.174823130000277
19,4,1.25,0.5,0.3875,0.3875,0.7000000000000001,0.04122340425531915,0.04122340425531915,0.07446808510638299,7012,7013,7014,0.7574937699548558,0.1556159822405153,0.3513696933823623,0.652778535312034,0.36686747704793027,3.448069891480065,3.1415207488059895,0.000696241005504848,1.4212786062561167,3.4512698943515896,69.44110313246165,0.0,0.09457395950369442,-0.04122340425531915,-0.04122340425531915,-0.07446808510638299,nan,0.0,0.0009082207328972925,0,0.04953702440905991,3.1398804111217666,False,True,False,False,loss_of_flight,7.286396562000391
20,0,1.26,0.5,0.3906,0.3906,0.7056000000000001,0.0415531914893617,0.0415531914893617,0.07506382978723405,7000,7001,7002,0.0758646637715196,0.04083979185737632,0.060555537915873266,0.020508179781032053,0.14402663635228372,0.017276778566006255,0.010957632623846695,0.01017289905628624,0.008656182165957092,0.03345594383829246,4.868596499800847,2.161950057065841,0.006521584406750655,0.0006858807174447701,0.0001163247945587878,0.0064843734745911735,nan,0.4366113816678093,0.5301579961511979,0,0.7947100964498843,0.0116041493274843,True,True,True,True,normal_completion,6.186602329999914
21,1,1.26,0.5,0.3906,0.3906,0.7056000000000001,0.0415531914893617,0.0415531914893617,0.07506382978723405,7003,7004,7005,0.06964348846032176,0.0420871272055949,0.05124137419017824,0.021288747722803703,0.13704031281501272,0.014140651395395661,0.009492756921923227,0.007032166367856706,0.00777137208491326,0.03206236178301151,4.2234002853727,1.6331299618442336,0.0029912790982069373,-0.00045870724517386996,0.00014396298522308115,-0.002952391059036788,nan,0.4343148796506654,0.5076097989081777,0,0.7879507318890504,0.010347873596197137,True,True,True,True,normal_completion,6.163877193999724
22,2,1.26,0.5,0.3906,0.3906,0.7056000000000001,0.0415531914893617,0.0415531914893617,0.07506382978723405,7006,7007,7008,1.740752449506421,0.14068276869727753,1.6072885603082205,0.6534913411489104,0.36662039186235845,3.143012984814662,3.141511002781445,0.0007095899198961293,0.09715317081233332,3.1456966045092845,64.85992473684578,0.0,0.09533055117972396,-0.0415531914893617,-0.0415531914893617,-0.07506382978723405,nan,0.0,0.0009043037509129613,0,0.04865169977642558,3.1407907779313367,False,True,False,False,loss_of_flight,7.639821055000084
23,3,1.26,0.5,0.3906,0.3906,0.7056000000000001,0.0415531914893617,0.0415531914893617,0.07506382978723405,7009,7010,7011,0.7766938838762625,0.2031138233628576,0.3673383649793042,0.6534988061381952,0.3669409351357599,3.606056861084007,3.14151762174292,0.0006962548732135248,1.7704554874039944,3.6089961136815645,69.44112803900043,0.0,0.09533055117972396,-0.0415531914893617,-0.0415531914893617,-0.07506382978723405,nan,0.0,0.0009058664797397173,0,0.048275492184099725,3.1400903708382564,False,True,False,False,loss_of_flight,8.306440899000336
24,4,1.26,0.5,0.3906,0.3906,0.7056000000000001,0.0415531914893617,0.0415531914893617,0.07506382978723405,7012,7013,7014,1.0429831405337706,0.7648216175306224,0.2753572548391358,0.6534830579311026,0.36677884943602884,3.6916274236774376,3.1415182055524378,0.0006869103803516274,1.9388078624722096,3.694469268868979,69.44111309424261,0.0,0.09533055117972396,-0.0415531914893617,-0.0415531914893617,-0.07506382978723405,nan,0.0,0.0008123617531831174,0,0.048978926879318624,3.139782260991921,False,True,False,False,loss_of_flight,7.5002802890003295
