variant,trial_id,replicate_id,com_scale,payload_mass,payload_pos_x,payload_pos_y,payload_pos_z,true_com_x,true_com_y,true_com_z,measurement_seed,torque_seed,force_seed,position_rms,position_rms_x,position_rms_y,position_rms_z,velocity_rms,attitude_rms,attitude_rms_x,attitude_rms_y,attitude_rms_z,peak_attitude,angular_acc_command_rms,mean_dob_norm,final_com_error,final_com_error_x,final_com_error_y,final_com_error_z,moce_convergence_time,max_motor_utilization,max_servo_angle,saturation_time,terminal_altitude_m,terminal_tilt_rad,terminal_airborne,numerical_success,flight_success,success,failure_reason,runtime_s,motor_1_max_utilization,motor_2_max_utilization,motor_3_max_utilization,motor_4_max_utilization,motor_1_saturation_fraction,motor_2_saturation_fraction,motor_3_saturation_fraction,motor_4_saturation_fraction,servo_1_max_abs_angle_rad,servo_2_max_abs_angle_rad,servo_3_max_abs_angle_rad,servo_4_max_abs_angle_rad,servo_1_max_abs_rate_rad_s,servo_2_max_abs_rate_rad_s,servo_3_max_abs_rate_rad_s,servo_4_max_abs_rate_rad_s,servo_1_angle_contact_fraction,servo_2_angle_contact_fraction,servo_3_angle_contact_fraction,servo_4_angle_contact_fraction,motor_saturation_fraction,servo_angle_contact_fraction,servo_rate_limit_contact_fraction,servo_rate_limit_implemented,max_servo_rate_rad_s,allocation_a1_condition_max,allocation_a1_min_singular_min,allocation_a1_max_singular_max,allocation_a2_condition_max,allocation_a2_min_singular_min,allocation_a2_max_singular_max,allocation_rank_min,allocation_force_residual_max_n,allocation_torque_residual_max_nm,realized_force_residual_max_n,realized_torque_residual_max_nm,loss_event_time_s
baseline,0,0,1.2,0.5,0.372,0.372,0.672,0.03957446808510638,0.03957446808510638,0.07148936170212766,7000,7001,7002,0.08571030557195591,0.04863837502711544,0.0675529902393502,0.020424457537031124,0.16775516640638277,0.017419185729996213,0.010090611534658891,0.009528413197398061,0.010526962158778871,0.03724871679592043,4.630264204011338,2.061118095240766,0.00814361772732077,0.0006507991661299922,-2.397354423414738e-05,0.008117536289002622,nan,0.43159554482440043,0.4654068554059176,0,0.7947962575185958,0.011334626122934332,True,True,True,True,normal_completion,6.247585562999916,0.4710145790756775,0.33973482892130563,0.22051311821181188,0.32475322704587256,0.0,0.0,0.0,0.0,0.26602668941869506,0.6312905204985003,0.6808225664627569,0.5614111721000672,1.655366394808817,3.070843307585235,8.999148364149228,3.1738868242283558,0.0,0.0,0.0,0.0,0.0,0.0,nan,False,8.999148364149228,1.4200265824130953,0.8183879936583667,1.1621327057226003,inf,0.0,1.072251488919915,3,3.243789091050994,1.1063296485593734,47.09973699854308,4.780383909728659,nan
baseline,1,1,1.2,0.5,0.372,0.372,0.672,0.03957446808510638,0.03957446808510638,0.07148936170212766,7003,7004,7005,0.077482367650961,0.048321673482067805,0.0567088039488114,0.021275448841008897,0.1562160677161333,0.014042396808413475,0.008849896559113684,0.006610888901132718,0.008669739728204605,0.03514015590787645,4.081722524861762,1.5629383155778844,0.0004868945621600981,-0.0004551717754854717,7.29639882418448e-05,0.00015672021529566926,nan,0.42886628652483716,0.3557567298438614,0,0.7879926396768904,0.009565054976013258,True,True,True,True,normal_completion,6.0654848949999405,0.4520013018381863,0.32714214862917934,0.2216983683367706,0.30738981004312904,0.0,0.0,0.0,0.0,0.19702881784992435,0.6314058447419401,0.6672413528965342,0.5686263679645371,1.11982654681092,3.1049828346988813,6.126662560259974,3.1470279996229564,0.0,0.0,0.0,0.0,0.0,0.0,nan,False,6.126662560259974,1.5248955223020086,0.7841949141353796,1.1958153131770484,1.1530548867429875,0.9311648904168792,1.073684227258681,4,1.7872498845139901,0.7542097116803963,46.96757682529356,4.738542717274483,nan
baseline,2,2,1.2,0.5,0.372,0.372,0.672,0.03957446808510638,0.03957446808510638,0.07148936170212766,7006,7007,7008,0.07316693708814082,0.048456672362016326,0.050593680789664405,0.021109975144791213,0.1474152890245829,0.017674118226115376,0.009351059733838754,0.00688807355114793,0.013322408929276244,0.03572648873008462,4.242244080090413,1.252161617394118,0.007127580850940893,0.00028354653046883116,0.0006089175466233096,0.007095860030551099,nan,0.4306491269024282,0.38265766265982154,0,0.7875149615115581,0.008741095366856608,True,True,True,True,normal_completion,6.2099937570000066,0.46454840741035675,0.31246629005358934,0.22124408751171945,0.3098771970552426,0.0,0.0,0.0,0.0,0.19707417672448987,0.6584462325331253,0.6811580108758215,0.6011687114740514,1.4320597933252828,2.8985902063046707,5.280342323256701,2.689932257214375,0.0,0.0,0.0,0.0,0.0,0.0,nan,False,5.280342323256701,1.4554193979664884,0.8078156184770102,1.1757105211117367,1.1474401317225074,0.933456176596632,1.0710850782312276,4,3.4033492049532423,0.7329152515850028,47.01180364130385,4.823029070626493,nan
baseline,3,3,1.2,0.5,0.372,0.372,0.672,0.03957446808510638,0.03957446808510638,0.07148936170212766,7009,7010,7011,0.07254872579802345,0.04402338099791708,0.05368517617715801,0.021051398985733293,0.14472828932134035,0.017558834462119564,0.009624294437994556,0.009092501992471155,0.011533084225644634,0.03548438633442054,4.434315521872667,1.7357082807663593,0.013468447495085214,-0.000863315035363868,0.00019164953247964578,0.013439383748307887,nan,0.4236387556483162,0.40756550821259535,0,0.7816959864194463,0.011413130609433535,True,True,True,True,normal_completion,6.11024772899998,0.45818290388424826,0.33226279224122385,0.22349322392824245,0.32246800491853234,0.0,0.0,0.0,0.0,0.2412302597992458,0.6079369048233244,0.6747827792831109,0.5323666217276136,1.3443929639668957,3.112172775756938,7.755118158650734,3.051121797729494,0.0,0.0,0.0,0.0,0.0,0.0,nan,False,7.755118158650734,1.3912556309791408,0.8295479100138616,1.1541132009737627,inf,0.0,1.0714415716658698,3,2.413286396683508,1.5485538933447602,46.791909046266454,4.705053921200184,nan
baseline,4,4,1.2,0.5,0.372,0.372,0.672,0.03957446808510638,0.03957446808510638,0.07148936170212766,7012,7013,7014,0.0768417414418746,0.052411003709839275,0.052470754712524624,0.020113672410705996,0.15734099644880353,0.01440826674135398,0.008554538908240993,0.0056166700373826515,0.010142535789858796,0.030357922376080253,3.899088368919818,1.3793688635821222,0.004859680721217916,-0.00046068807861879973,0.00023568154285368015,0.004832051056927453,nan,0.42145883609639223,0.4699865438481237,0,0.801684839473606,0.0030284030494761908,True,True,True,True,normal_completion,6.080946874000006,0.4687426669392725,0.3193948408045738,0.22267009168069404,0.31617563114637204,0.0,0.0,0.0,0.0,0.20836349181963734,0.6855924567550489,0.6708579089125678,0.6708061102206846,1.0161515435643316,3.0153892186108204,5.769619224654556,3.0528460492095824,0.0,0.0,0.0,0.0,0.0,0.0,nan,False,5.769619224654556,1.4170184673044097,0.8205057182188624,1.1626717552449963,inf,0.0,1.071371253218369,3,4.5620470761184935,0.7785018208347996,47.10007933283031,4.764156828862291,nan
baseline,5,0,1.22,0.5,0.3782,0.3782,0.6832,0.04023404255319149,0.04023404255319149,0.0726808510638298,7000,7001,7002,0.08567885616472219,0.048621964741654304,0.06752412379579208,0.02042703218695819,0.1677179626489521,0.017723016897297914,0.010216694161278196,0.009637907430624147,0.010809034587581418,0.03817046284457885,4.660939482282352,2.067139620241344,0.008220940783377508,0.0006467311469495612,-2.6227109379647895e-05,0.008195420570422149,nan,0.435114398960694,0.4770699416476088,0,0.7948051149703549,0.01156651160359157,True,True,True,True,normal_completion,6.046513508000089,0.47233431467359294,0.3384562481886051,0.21989169437637263,0.32447660960644514,0.0,0.0,0.0,0.0,0.26949094728960804,0.6449509250218315,0.679717890143838,0.5738144924130666,1.794348222219,3.0398266337674267,8.089944575662267,3.160726161766961,0.0,0.0,0.0,0.0,0.0,0.0,nan,False,8.089944575662267,1.4279531452945784,0.8153971362334865,1.1644274748329013,inf,0.0,1.0734875318772235,3,3.3527600496312018,0.9804273542260374,47.099728856311614,4.877341513518134,nan
baseline,6,1,1.22,0.5,0.3782,0.3782,0.6832,0.04023404255319149,0.04023404255319149,0.0726808510638298,7003,7004,7005,0.07746653126173907,0.048293071358270795,0.05671140381122356,0.021275793810603117,0.15625366291874412,0.014194945029766502,0.00895973315081635,0.006656862583452265,0.008769596730140305,0.03589984673081615,4.098097760262326,1.5677580057732092,0.0005133305007650978,-0.00045267835082280633,7.329847813263707e-05,0.00023068993652851366,nan,0.4315490358860725,0.361660630006162,0,0.7879940966877763,0.00974884424228926,True,True,True,True,normal_completion,6.0724511280000115,0.4543212733820641,0.3271966898565396,0.22105640247249803,0.30889271504053156,0.0,0.0,0.0,0.0,0.1968007770813533,0.6494617682902999,0.6702744993911367,0.5870246936336196,1.1011717327078703,3.086479634703781,6.6316327452942,3.1463509838563284,0.0,0.0,0.0,0.0,0.0,0.0,nan,False,6.6316327452942,1.534889690714495,0.7808279071292705,1.1984847048748926,inf,0.0,1.0749304460749811,3,1.845352743309121,0.9642549933828124,46.967568655010794,4.699365108778751,nan
baseline,7,2,1.22,0.5,0.3782,0.3782,0.6832,0.04023404255319149,0.04023404255319149,0.0726808510638298,7006,7007,7008,0.07302340418689245,0.048392472434134935,0.050448213943140634,0.021108384132871524,0.1473493053253359,0.018028875956996124,0.009432698852287622,0.007027087451291148,0.013663257392975869,0.037236457269451365,4.267093142872373,1.2631449189287518,0.007210352652141091,0.0002806032717139195,0.0006108682035603427,0.007178947500157698,nan,0.43379788906223404,0.38828508305237036,0,0.787517581344274,0.00878644625151829,True,True,True,True,normal_completion,6.0817240809999475,0.46561949073328696,0.3309353305751138,0.22061682652747244,0.33028633928499745,0.0,0.0,0.0,0.0,0.43177885488999557,0.6864472938811501,0.6868642106379462,0.6622393320543412,1.4134026475752313,2.92016464472448,7.110468569088472,2.6830632767046274,0.0,0.0,0.0,0.0,0.0,0.0,nan,False,7.110468569088472,1.463076595148772,0.80511118286758,1.1779393281460993,inf,0.0,1.0722767517189968,3,6.490132575902701,1.4426141665311318,47.011795482035225,5.006119028567468,nan
baseline,8,3,1.22,0.5,0.3782,0.3782,0.6832,0.04023404255319149,0.04023404255319149,0.0726808510638298,7009,7010,7011,0.07250712287420219,0.04398300129243663,0.05366192011424325,0.021051764639971337,0.14470231398587025,0.017867733138446005,0.00967351947658342,0.009174078960773943,0.011896015453267015,0.036184993461231385,4.450558948563975,1.743203109880604,0.013576634832065554,-0.000864758161419725,0.00018701351464661675,0.013547775929312278,nan,0.42418626992693137,0.41636929934620315,0,0.7816905181271131,0.011378464745193233,True,True,True,True,normal_completion,6.186341290999962,0.4707291477497087,0.3368365688273063,0.22045396882685675,0.3350999051889845,0.0,0.0,0.0,0.0,0.24701405782372587,0.6262352622233087,0.6794918480812919,0.5521322603042268,1.3720897123211404,3.1428028626258593,9.044947454315311,3.060339384883123,0.0,0.0,0.0,0.0,0.0,0.0,nan,False,9.044947454315311,1.3982781273785618,0.8269328485891384,1.1562821149930402,inf,0.0,1.072717473003002,3,3.0865880737165776,1.3629515204299643,46.79190087584875,4.7225625703519,nan
baseline,9,4,1.22,0.5,0.3782,0.3782,0.6832,0.04023404255319149,0.04023404255319149,0.0726808510638298,7012,7013,7014,0.07682658341599657,0.0524091023345662,0.052450018932286596,0.020114806135352787,0.15734943544017915,0.0145755715313946,0.008623767944237604,0.005683685871713992,0.01028463061186056,0.031091521642988264,3.9149570029552643,1.3849224459812666,0.004938148372143746,-0.0004596635366985874,0.00023297755858590202,0.004911185216984901,nan,0.42347178007921066,0.47956490927262707,0,0.8017028331464476,0.0030575096857822313,True,True,True,True,normal_completion,6.174178447000031,0.4928335014392528,0.362983474336275,0.2220306917175595,0.3639160815786285,0.0,0.0,0.0,0.0,0.21126015100008338,0.6862681202892316,0.6767751169479503,0.6845317195143255,0.9661345819258971,3.2920297693475966,8.32252102632552,3.1459501983442757,0.0,0.0,0.0,0.0,0.0,0.0,nan,False,8.32252102632552,1.4239193348128742,0.8179926795610883,1.1647555921624255,inf,0.0,1.0725696706369032,3,10.55474350950088,1.336582113315823,47.10007114691146,4.8393424217568874,nan
baseline,10,0,1.24,0.5,0.3844,0.3844,0.6944,0.0408936170212766,0.0408936170212766,0.07387234042553192,7000,7001,7002,0.08564406705550609,0.04860614381992173,0.06749054264543734,0.020429773816406073,0.16768185846411168,0.018050462025389364,0.010348092534213192,0.009752465278316509,0.01111870411642547,0.03917879422519771,4.693277903208919,2.073475757119053,0.008308047965991251,0.0006426607571207929,-2.9140984825502814e-05,0.00828310322038013,nan,0.4387192211272222,0.48936472977321777,0,0.7948147496748467,0.01182803356357939,True,True,True,True,normal_completion,6.11520262199997,0.47377372982108396,0.3384079459198865,0.2194383650237199,0.32520250915062837,0.0,0.0,0.0,0.0,0.27308699896068755,0.6870544372409038,0.6829886334280633,0.6705611009149387,1.7893521787299809,3.0100704967923666,8.94292989398527,3.1481129183572873,0.0,0.0,0.0,0.0,0.0,0.0,nan,False,8.94292989398527,1.4361531762596285,0.8123654462580806,1.1667694069645431,inf,0.0,1.0747259464574521,3,5.540393617307299,1.155609106986536,47.099720714081016,5.277307490556858,nan
baseline,11,1,1.24,0.5,0.3844,0.3844,0.6944,0.0408936170212766,0.0408936170212766,0.07387234042553192,7003,7004,7005,0.07744878691021485,0.04826048796946325,0.056714814834422686,0.021276035183048318,0.15629244001054257,0.014363482860235324,0.00908184786904891,0.006703751795079954,0.008881969997117035,0.03668325189200338,4.1164741231327024,1.5729724793007467,0.0005536904896266985,-0.0004500954902974946,7.369096431045219e-05,0.00031393765256163,nan,0.4342352261059002,0.3679328740712717,0,0.7879940962114464,0.009924160994814682,True,True,True,True,normal_completion,6.057568691000029,0.45657267863126416,0.3228670969162512,0.22042035711202665,0.306951975077376,0.0,0.0,0.0,0.0,0.1963125036417266,0.6553436417654177,0.6665947521899597,0.6023502615358571,1.0842844735272954,3.0661232276686308,6.330663747006722,3.144925437694549,0.0,0.0,0.0,0.0,0.0,0.0,nan,False,6.330663747006722,1.5451679436566235,0.7773479344661222,1.201266836855521,inf,0.0,1.0761809283309303,3,1.8811845140986634,0.7693845089816705,46.96756048472887,4.804326539798113,nan
baseline,12,2,1.24,0.5,0.3844,0.3844,0.6944,0.0408936170212766,0.0408936170212766,0.07387234042553192,7006,7007,7008,2.0011193534069482,0.10721439250573346,1.888858883748323,0.6520704393733154,0.36670662524949055,3.146029229549491,3.1415114120126004,0.0007067898884584624,0.16853919966105724,3.1488094802736843,69.44107016091887,0.0,0.09381736782766485,-0.0408936170212766,-0.0408936170212766,-0.07387234042553192,nan,0.0,0.0006601878622051419,0,0.05008814637232015,3.1410301598252404,False,True,False,False,loss_of_flight,7.316552809999962,0.42248789084605853,0.406361651634879,0.28032168089942416,0.3854928261399948,0.0,0.0,0.0,0.0,0.6981935570155713,0.6885738180440008,0.692711887731847,0.6878811838555636,9.23129858535477,12.405217371532599,10.104177432023036,9.845873081622905,0.0,0.0,0.0,0.0,0.0,0.0,nan,False,12.405217371532599,1.3136763561291955,0.8548546902105224,1.1292443726889245,inf,0.0,1.0000000000000004,0,107.81092450687777,6.206832136130566,107.81092450687777,5.97660629314544,-11.28
baseline,13,3,1.24,0.5,0.3844,0.3844,0.6944,0.0408936170212766,0.0408936170212766,0.07387234042553192,7009,7010,7011,0.07245304484337535,0.043947092140025124,0.05361817127846956,0.021052042852535764,0.1446508137038186,0.018182309143403963,0.00971687260739358,0.009242100956780104,0.012278530955398544,0.0368643347166774,4.465371062645053,1.7499048900494651,0.013822179490212137,-0.000864586749472547,0.00017439246365079375,0.013794010398752762,nan,0.42471770983328655,0.4255721071790341,0,0.7816831298533216,0.01135680613020171,True,True,True,True,normal_completion,6.0767201970001,0.5060872149240676,0.3652163791113638,0.221361114644647,0.38135868265023265,0.0,0.0,0.0,0.0,0.268682119127452,0.6854679933542192,0.680518233919866,0.6830530125000916,1.9836653340379595,4.1709670223182265,8.719022702349335,4.500836009965944,0.0,0.0,0.0,0.0,0.0,0.0,nan,False,8.719022702349335,1.4466210969684596,0.80938984279753,1.170880422262892,inf,0.0,1.0752814983468886,3,8.386625226795902,3.2675876561778674,46.7918927054319,5.051130626131061,nan
baseline,14,4,1.24,0.5,0.3844,0.3844,0.6944,0.0408936170212766,0.0408936170212766,0.07387234042553192,7012,7013,7014,0.7513642638362268,0.10636398693602223,0.3578396853171098,0.6520626648301378,0.36682640593845395,3.9936755774277795,3.1415168938298006,0.0006905557743457279,2.4658296264457804,3.996879705386358,69.4411039246542,0.0,0.09381736782766485,-0.0408936170212766,-0.0408936170212766,-0.07387234042553192,nan,0.0,0.0007057533389461816,0,0.05031777809472267,3.1398768792851444,False,True,False,False,loss_of_flight,7.164884396999923,0.5651056239937031,0.384377643798901,0.28423963109893163,0.4142999616650651,0.0,0.0,0.0,0.0,0.690086176101911,0.687091139468172,0.6971522540696661,0.7060388104450299,9.980480252190103,11.321248450538643,10.467513945944702,14.671969583790528,0.0,0.0,0.0,0.0002894736842105249,0.0,0.0002894736842105249,nan,False,14.671969583790528,1.3077144503294724,0.8640338113805667,1.1345751420457795,inf,0.0,1.0000000000000004,0,108.62780491200216,9.092969785999584,108.62780491200216,6.399040466231779,-5.2574999999999985
baseline,15,0,1.25,0.5,0.3875,0.3875,0.7000000000000001,0.04122340425531915,0.04122340425531915,0.07446808510638299,7000,7001,7002,0.08562017045590753,0.048598350997595026,0.06746539002222737,0.02043122655060042,0.16766470967850228,0.018221522680821174,0.010416756928640915,0.009811087959204582,0.011280851783178558,0.03971628363427917,4.710125015571712,2.076770261650318,0.008355914679243313,0.000640637255045394,-3.089669217757468e-05,0.008331262775153253,nan,0.44053978341946987,0.4956130425576237,0,0.7948197613061816,0.01197148432126273,True,True,True,True,normal_completion,6.120629910999924,0.4798160882368599,0.34055144651463665,0.21921301194558565,0.33171187081713327,0.0,0.0,0.0,0.0,0.3066107531677122,0.688121961320895,0.6842534571226283,0.6875249369316266,2.5820719112279598,2.995822044842833,8.656574440453292,3.1424462264642345,0.0,0.0,0.0,0.0,0.0,0.0,nan,False,8.656574440453292,1.4403877973826893,0.8108271173834378,1.167964851242504,inf,0.0,1.0753457325710434,3,11.171300260695697,2.36989126260832,47.09971664296603,5.3890180998808175,nan
baseline,16,1,1.25,0.5,0.3875,0.3875,0.7000000000000001,0.04122340425531915,0.04122340425531915,0.07446808510638299,7003,7004,7005,0.07743886887010511,0.04824207790584584,0.05671690450066938,0.021276115131047386,0.15631239582310538,0.014454660486908279,0.009147688649906895,0.006727777473108429,0.008943937188312883,0.037083497140571436,4.12648981930686,1.5757445106913592,0.0005798702293896627,-0.0004487708444401578,7.391359255780328e-05,0.0003597095952961038,nan,0.4355757347349495,0.37123399102692617,0,0.7879935292748893,0.010010900413408142,True,True,True,True,normal_completion,6.271112625000114,0.4576800315257135,0.31301482166294864,0.2201046109054332,0.3095424489172834,0.0,0.0,0.0,0.0,0.1959735975111106,0.6624286540953181,0.6508895799425052,0.610318024653891,1.0749682219138732,3.055289612028639,6.812172536665127,3.143910452753058,0.0,0.0,0.0,0.0,0.0,0.0,nan,False,6.812172536665127,1.5512571426257449,0.7753245165268746,1.2027384692988865,inf,0.0,1.076808284894033,3,2.5608442722973734,0.7738604871862613,46.967556399588226,4.85231574657741,nan
baseline,17,2,1.25,0.5,0.3875,0.3875,0.7000000000000001,0.04122340425531915,0.04122340425531915,0.07446808510638299,7006,7007,7008,1.781210910815309,0.1469336161395027,1.6507636631951899,0.6527650032975646,0.3666661740216082,3.1439810434696716,3.1415116314783393,0.0007079627208059226,0.12458318414505182,3.146855794878993,69.36259312753722,0.0,0.09457395950369442,-0.04122340425531915,-0.04122340425531915,-0.07446808510638299,nan,0.0,0.0006334209676030073,0,0.049548746315937836,3.141126009597696,False,True,False,False,loss_of_flight,7.471963530000039,0.42725364513490205,0.3690118486860996,0.23950993225052847,0.36868158426120057,0.0,0.0,0.0,0.0,0.6314503427046683,0.6893504621905546,0.7026996973895245,0.6892047587862881,7.605272520787499,9.991606012893273,10.20566089906366,9.754041388563936,0.0,0.0,0.00015789473684211128,0.0,0.0,0.00015789473684211128,nan,False,10.20566089906366,1.3143381038854307,0.854523974543152,1.1301529421597416,inf,0.0,1.0000000000000004,0,105.04114529513699,5.661252701692567,105.04114529513699,5.661252701692567,-11.4825
baseline,18,3,1.25,0.5,0.3875,0.3875,0.7000000000000001,0.04122340425531915,0.04122340425531915,0.07446808510638299,7009,7010,7011,0.9603977220703771,0.6534793235024953,0.26312406576997205,0.6527589787397565,0.3669184136222248,4.1536176088067265,3.1415101607474067,0.0006943354057470783,2.7172509394622364,4.156273603147007,69.4411314724216,0.0,0.09457395950369442,-0.04122340425531915,-0.04122340425531915,-0.07446808510638299,nan,0.0,0.0006000933626645438,0,0.04905462634222087,3.1400417063134465,False,True,False,False,loss_of_flight,7.458931285000062,0.516042436685841,0.40768135586039206,0.40183535358497996,0.4064249273010875,0.0,0.0,0.0,0.0,0.7198571190721585,0.6882463708450965,0.701778344722234,0.7037508486013048,11.007323568285338,17.367669650970647,10.351587000371417,8.34169701441256,0.0009210526315789513,0.0,0.000999999999999988,0.0011578947368421088,0.0,0.0030789473684210483,nan,False,17.367669650970647,1.3195850521192052,0.8452764159734742,1.1335949599933595,inf,0.0,1.0000000000000004,0,108.62780491200216,12.415948303207966,108.62780491200216,9.476222747859447,-6.885
baseline,19,4,1.25,0.5,0.3875,0.3875,0.7000000000000001,0.04122340425531915,0.04122340425531915,0.07446808510638299,7012,7013,7014,1.1790727013941464,0.2945188044302387,0.9366771569182145,0.6527687283544482,0.3668030205056746,3.141534941134958,3.1415264376799312,0.0006895412001356659,0.0072768305440498076,3.1444393036124505,52.22556378594734,0.0,0.09457395950369442,-0.04122340425531915,-0.04122340425531915,-0.07446808510638299,nan,0.0,0.0006394524126745974,0,0.049514888844840205,3.139842221770402,False,True,False,False,loss_of_flight,7.204434975999902,0.5097672294916218,0.40816166780298646,0.22321095728571919,0.3917912460262468,0.0,0.0,0.0,0.0,0.7015514797271521,0.6885247843295654,0.7303766411317274,0.6869492372876288,9.085594483617752,10.857212096427503,9.486614347388565,6.288483804865716,0.0004999999999999754,0.0,0.0016842105263158286,0.0,0.0,0.002184210526315804,nan,False,10.857212096427503,1.3162944899343678,0.8563798582100932,1.1393164395671338,inf,0.0,1.0000000000000004,0,108.62780491200216,6.280979135559677,108.62783801693077,6.3930346891959,-8.79
baseline,20,0,1.26,0.5,0.3906,0.3906,0.7056000000000001,0.0415531914893617,0.0415531914893617,0.07506382978723405,7000,7001,7002,0.08557674226759925,0.048590723492630786,0.06741530627731343,0.02043274056835817,0.16764835922570778,0.018397529774739522,0.010487901715719266,0.009870479423091104,0.011447561110217908,0.0402760677104487,4.7274884809276685,2.080161371428728,0.00840693847001239,0.000638630136247105,-3.2875104275673084e-05,0.008382582252216206,nan,0.4423662909390842,0.5012427129240308,0,0.794824840644726,0.012124293323365953,True,True,True,True,normal_completion,6.438840205999895,0.48203925427254923,0.34862608248314914,0.2189885588086999,0.3562896086541587,0.0,0.0,0.0,0.0,0.4079975759773679,0.6885858498476956,0.6847458587347848,0.6882336888568507,2.077756983088444,2.982230013873142,9.942563965177463,3.1373026586106283,0.0,0.0,0.0,0.0,0.0,0.0,nan,False,9.942563965177463,1.444692302329708,0.8092720900481148,1.1691793441858742,inf,0.0,1.0759658701847707,3,16.313908654252465,1.5888280264662027,47.09971257185127,5.438307488606425,nan
baseline,21,1,1.26,0.5,0.3906,0.3906,0.7056000000000001,0.0415531914893617,0.0415531914893617,0.07506382978723405,7003,7004,7005,0.07742692787978638,0.04822159422005909,0.05671800148063682,0.021276167883810357,0.1563327950405522,0.014550951859868218,0.009216775567858316,0.006752317754968603,0.009010408042695256,0.037489469967858874,4.137094382952152,1.5786327886619433,0.0006105600154352353,-0.0004474236171157081,7.415133764213794e-05,0.0004087752664010541,nan,0.4369123184892664,0.37466115329034155,0,0.787992585603805,0.01009838839556466,True,True,True,True,normal_completion,6.2522579009998935,0.4711895031575156,0.32926938634371017,0.2197904105880938,0.3062873265370698,0.0,0.0,0.0,0.0,0.19557214359659122,0.671996782308971,0.5531174189308193,0.6275257477857967,1.0656814292719536,3.04397166202462,6.531043540769922,3.1427211843710534,0.0,0.0,0.0,0.0,0.0,0.0,nan,False,6.531043540769922,1.5575028331297596,0.7732579567395823,1.2043514583620285,1.1611884830229267,0.9278758015142519,1.0774386943940164,4,3.8924863250053363,0.778715438060614,46.967552314447815,4.918179530579721,nan
baseline,22,2,1.26,0.5,0.3906,0.3906,0.7056000000000001,0.0415531914893617,0.0415531914893617,0.07506382978723405,7006,7007,7008,1.6625150039138639,0.1990618745287322,1.515679972860906,0.6534865937539843,0.3666261128054124,3.1435318591138635,3.1415185917720296,0.0007044428553882097,0.1124855127329819,3.1464891645333375,68.29358096039337,0.0,0.09533055117972396,-0.0415531914893617,-0.0415531914893617,-0.07506382978723405,nan,0.0,0.0006747480422057599,0,0.04898607858228493,3.1411806877155652,False,True,False,False,loss_of_flight,7.494139066999878,0.43258649402163046,0.3077310077909586,0.21937984534873,0.32125303790254867,0.0,0.0,0.0,0.0,0.5989502288620805,0.701854132640953,0.7029468095000351,0.6953808270561275,7.8103889076460495,9.4998548780622,10.609821351508964,10.106911197535918,0.0,0.0002368421052631669,0.00021052631578948793,0.0,0.0,0.0002631578947368459,nan,False,10.609821351508964,1.3162701133980916,0.8542618144288084,1.1307520290466795,inf,0.0,1.0000000000000007,0,106.82569549976569,5.660957696154162,106.82569549976569,7.189845823304354,-11.657499999999999
baseline,23,3,1.26,0.5,0.3906,0.3906,0.7056000000000001,0.0415531914893617,0.0415531914893617,0.07506382978723405,7009,7010,7011,0.8129442479570119,0.1369354374720419,0.46376272497747195,0.6534915234126623,0.3669113298588348,3.670968346378922,3.1415148199112277,0.0006939776213966808,1.8991821278616836,3.6739640993927676,69.44112580422554,0.0,0.09533055117972396,-0.0415531914893617,-0.0415531914893617,-0.07506382978723405,nan,0.0,0.0006157066588803153,0,0.04846918383279385,3.1397137143326965,False,True,False,False,loss_of_flight,7.624877358000049,0.5086869620457509,0.41344636055091,0.2213154156051292,0.44281423212302407,0.0,0.0,0.0,0.0,0.6961749795198369,0.720413530471054,0.5716243473634727,0.7015838110370909,9.358089959711089,10.819248690958997,10.59113563218691,9.81110840143584,0.0,0.00042105263157895715,0.0,0.0002894736842105249,0.0,0.000710526315789482,nan,False,10.819248690958997,1.3112001038766523,0.8615103525587655,1.1342840603489783,inf,0.0,1.0000000000000004,0,105.74335442292698,9.074098394643748,105.74335442292698,7.357100982738048,-9.594999999999999
baseline,24,4,1.26,0.5,0.3906,0.3906,0.7056000000000001,0.0415531914893617,0.0415531914893617,0.07506382978723405,7012,7013,7014,0.8793505557462477,0.4064530699331142,0.42544904153819096,0.6534878842697975,0.36681116760999694,3.6941716372129947,3.1415025164423054,0.0006935717276640411,1.9436732089869946,3.697088517602814,69.4411038482728,0.0,0.09533055117972396,-0.0415531914893617,-0.0415531914893617,-0.07506382978723405,nan,0.0,0.0006955533709237613,0,0.04880336756371122,3.1398467671478545,False,True,False,False,loss_of_flight,7.387889611999981,0.510205439221249,0.37886533027336555,0.2207643479914274,0.4345645911699795,0.0,0.0,0.0,0.0,0.692917835157375,0.7152926570891357,0.5311353287932455,0.7088001321256603,11.812809875784144,17.882624690039343,10.42112947094471,9.638721885125632,0.0,0.0002368421052631482,0.0,0.0013157894736842294,0.0,0.0015526315789473777,nan,False,17.882624690039343,1.3089786039931934,0.863353902829062,1.1347507707109397,inf,0.0,1.0000000000000004,0,108.62780491200216,9.356133677463017,108.62780491200216,7.466756242967585,-9.8125
