trial_id,replicate_id,com_scale,payload_x_factor,payload_y_factor,payload_mass,payload_pos_x,payload_pos_y,payload_pos_z,true_com_x,true_com_y,true_com_z,measurement_seed,torque_seed,force_seed,position_rms,position_rms_x,position_rms_y,position_rms_z,velocity_rms,attitude_rms,attitude_rms_x,attitude_rms_y,attitude_rms_z,peak_attitude,angular_acc_command_rms,mean_dob_norm,final_com_error,final_com_error_x,final_com_error_y,final_com_error_z,moce_convergence_time,max_motor_utilization,max_servo_angle,saturation_time,terminal_altitude_m,terminal_tilt_rad,terminal_airborne,numerical_success,flight_success,success,failure_reason,runtime_s
0,0,nan,-1.25,-1.25,0.5,-0.3875,-0.3875,0.56,-0.04122340425531915,-0.04122340425531915,0.059574468085106386,7000,7001,7002,0.070732653045513,0.04464704449932916,0.051043444361866475,0.020107620744605346,0.14154714184345094,0.014933187039506973,0.00850735622041467,0.0071520665274101,0.009973610664316665,0.04009736370174369,4.233172557166229,1.8410291557171656,0.007080177222268174,0.00032570400707109676,0.000879610717331121,0.007017771112287657,nan,0.432769721383152,0.387192762157131,0,0.7794269079181265,0.015287996124486319,True,True,True,True,normal_completion,6.313433789000555
1,1,nan,-1.25,-1.25,0.5,-0.3875,-0.3875,0.56,-0.04122340425531915,-0.04122340425531915,0.059574468085106386,7003,7004,7005,0.07260617816065063,0.04442702050563913,0.05417985086349333,0.019037875839948145,0.15312479482821656,0.01548363823107255,0.009739976727307574,0.00974089080161291,0.007070428036073253,0.035983578101744795,4.521143403403187,1.8023077649369794,0.0009936923512558677,0.0007412125870101816,-0.0003150361714124167,-0.0005820486238312869,nan,0.4358506048803482,0.42829394474648075,0,0.7972427718717997,0.006887260470276344,True,True,True,True,normal_completion,6.3643630220003615
2,2,nan,-1.25,-1.25,0.5,-0.3875,-0.3875,0.56,-0.04122340425531915,-0.04122340425531915,0.059574468085106386,7006,7007,7008,0.07739278126817886,0.04787154220335254,0.05709039162310875,0.02094385885687948,0.14773767138516739,0.01692977505856174,0.009727434372335647,0.007281683562472158,0.011788612664831496,0.04238268280006171,4.282944654691817,1.5345373129323865,0.005376493260411611,0.00036174841694035925,0.00033979685858217396,0.005353536770863754,nan,0.4327044344622167,0.3570931282336235,0,0.767109039354558,0.0045028748040426315,True,True,True,True,normal_completion,6.398552525000014
3,3,nan,-1.25,-1.25,0.5,-0.3875,-0.3875,0.56,-0.04122340425531915,-0.04122340425531915,0.059574468085106386,7009,7010,7011,0.07290647869509245,0.03904637463262261,0.05879817495136917,0.018262253041589314,0.14464761540466628,0.014497595330689759,0.009036295299185941,0.008495326273423172,0.00750700134184304,0.0325823985076433,4.4452955303271295,1.9396890505944384,0.009848306454304607,0.0017974644155546796,7.407879158485148e-05,0.009682601614511968,nan,0.43611337490899843,0.405383195851114,0,0.7941273383842044,0.029187439679043317,True,True,True,True,normal_completion,6.416015783999683
4,4,nan,-1.25,-1.25,0.5,-0.3875,-0.3875,0.56,-0.04122340425531915,-0.04122340425531915,0.059574468085106386,7012,7013,7014,0.07712830762140115,0.04818205360852136,0.05636315038825721,0.021224062403737906,0.1610090594960268,0.01578549437419139,0.008885990287220893,0.007088729830876835,0.010953123693169968,0.037398550171581266,4.2469591353920215,1.7399781197219184,0.005679747378873266,-0.0005721675669948037,0.0011788057881323075,0.005526533405034548,nan,0.43171336058589027,0.47885880157915467,0,0.7926394894201637,0.005523537845094011,True,True,True,True,normal_completion,6.465011935999428
5,0,nan,-1.25,-0.625,0.5,-0.3875,-0.19375,0.56,-0.04122340425531915,-0.020611702127659576,0.059574468085106386,7000,7001,7002,0.07085599229846087,0.04484678421582224,0.05103621791718789,0.020115716512427103,0.14164257014093584,0.014206750971656145,0.008121731473066699,0.006985728163000256,0.009331069235769058,0.03765799689298604,4.153647033746437,1.8511980786051605,0.006201367276704748,0.0003244128292872739,0.000864642088170036,0.006132218723769012,nan,0.40456033324679247,0.30406381463903526,0,0.7793567577794113,0.014320537925911182,True,True,True,True,normal_completion,6.355037399000139
6,1,nan,-1.25,-0.625,0.5,-0.3875,-0.19375,0.56,-0.04122340425531915,-0.020611702127659576,0.059574468085106386,7003,7004,7005,0.07294124714743058,0.04463170269128996,0.05446247340048845,0.019033539907225294,0.15356351458402487,0.01495624242652892,0.009097055985826743,0.009696876788005546,0.006848601351376568,0.03681262970400716,4.422738207553677,1.7940505411635148,0.0015289779931576444,0.0007445020495501359,-0.0002998784133144139,-0.001301369793334721,nan,0.3988108210968133,0.3537005096903423,0,0.7972539874395437,0.0050832270369860245,True,True,True,True,normal_completion,6.3725855650000085
7,2,nan,-1.25,-0.625,0.5,-0.3875,-0.19375,0.56,-0.04122340425531915,-0.020611702127659576,0.059574468085106386,7006,7007,7008,0.07763262656040405,0.047992339118984845,0.057314567478673556,0.02094278986401012,0.14813019275432476,0.01619585825425406,0.009209339753359363,0.007341766848675681,0.011117209426774858,0.03812338509267299,4.219716576384042,1.5192423776395998,0.004795357011048709,0.00040357285564476125,0.0003447145178218543,0.004765894429674622,nan,0.3999947001528881,0.31119486285396997,0,0.7671698323497937,0.00522236118320237,True,True,True,True,normal_completion,6.323943041000348
8,3,nan,-1.25,-0.625,0.5,-0.3875,-0.19375,0.56,-0.04122340425531915,-0.020611702127659576,0.059574468085106386,7009,7010,7011,0.07333980492277148,0.03921249080654402,0.05922552670891412,0.018260463764882263,0.14500382465815134,0.013873484914236818,0.008411472355934124,0.008475650099930655,0.007062865697042357,0.031225446330857925,4.342950523113276,1.9256101818040527,0.009141666738806129,0.0018053980190155736,5.25966430504482e-05,0.008961464297170901,nan,0.4051617395652377,0.34330973014337923,0,0.7941533609191622,0.026254373755709937,True,True,True,True,normal_completion,6.327135583000199
9,4,nan,-1.25,-0.625,0.5,-0.3875,-0.19375,0.56,-0.04122340425531915,-0.020611702127659576,0.059574468085106386,7012,7013,7014,0.07749942812808326,0.04853870533071094,0.05656377212125713,0.02122958144695399,0.16135255408566182,0.014664842896480935,0.008430920137141163,0.006809550879843779,0.009879636614493148,0.03226522777075886,4.158985225118686,1.7107057744821998,0.004880168941400236,-0.0005629049243541934,0.0011981839418685157,0.004697184495439127,nan,0.3906075811120612,0.3916898209580756,0,0.7925867219847241,0.004965935672465964,True,True,True,True,normal_completion,6.33348150799975
10,0,nan,-1.25,0.0,0.5,-0.3875,0.0,0.56,-0.04122340425531915,0.0,0.059574468085106386,7000,7001,7002,0.07092896965704636,0.04495636300906677,0.05103762793457573,0.020124728480628795,0.141719631374229,0.014006106216513105,0.007995005422325922,0.006928804850346796,0.009178374746709635,0.03536355176329769,4.126924428604376,1.8584478457073053,0.006018814061982132,0.000325993737260194,0.0008514818718564257,0.005949355378348217,nan,0.3718239968359368,0.2996984280439354,0,0.7793056724019142,0.014160281279616558,True,True,True,True,normal_completion,6.3281932919999235
11,1,nan,-1.25,0.0,0.5,-0.3875,0.0,0.56,-0.04122340425531915,0.0,0.059574468085106386,7003,7004,7005,0.0731299021704275,0.04471759147967696,0.05464551879384303,0.019031208040079017,0.15381979394958767,0.014910476859135453,0.008902278286742109,0.009681693428923445,0.007023999844857205,0.03634733268899665,4.392815166933762,1.796684375859142,0.0017188311605840373,0.0007476446077817403,-0.0002954202226382434,-0.0015192547485875854,nan,0.3644353541026962,0.30335643273250573,0,0.7972661576929635,0.003592088736851692,True,True,True,True,normal_completion,6.369519665000553
12,2,nan,-1.25,0.0,0.5,-0.3875,0.0,0.56,-0.04122340425531915,0.0,0.059574468085106386,7006,7007,7008,0.07749507561121241,0.04800933891884473,0.057111838964470335,0.020948221181270727,0.1482439939467313,0.01584445913370016,0.009118144615666466,0.007481029245102272,0.010580194962344148,0.035254976479384775,4.223535069451021,1.5215590614638503,0.004699541297985735,0.00043815341566819793,0.0003385707563406133,0.004666806171115603,nan,0.3726809731873197,0.3515586071213184,0,0.7671806202131379,0.008950459212262818,True,True,True,True,normal_completion,6.307184473000234
13,3,nan,-1.25,0.0,0.5,-0.3875,0.0,0.56,-0.04122340425531915,0.0,0.059574468085106386,7009,7010,7011,0.07342158794077719,0.039237306711813524,0.059310982428472415,0.018258441913750163,0.1449111332769054,0.013543939692702697,0.008207961296574673,0.008420066951308584,0.006720873923008857,0.029660115755855556,4.303955539306991,1.9186300053745509,0.008874689594149592,0.0018034729325778764,4.026625107155188e-05,0.00868941766765706,nan,0.368518336093595,0.299226082350986,0,0.7941512105107,0.023497114179415576,True,True,True,True,normal_completion,6.335112509000282
14,4,nan,-1.25,0.0,0.5,-0.3875,0.0,0.56,-0.04122340425531915,0.0,0.059574468085106386,7012,7013,7014,0.07771243426190955,0.048722926699607844,0.05669478371576226,0.02123676887285803,0.16168448601779228,0.014278832608316461,0.008132907319463624,0.0067114303260567745,0.009627958359269224,0.03083699355559464,4.108887071661858,1.6987190337564626,0.004626289605423209,-0.0005559289054792652,0.0012027428020830709,0.004432483312696939,nan,0.3651555966389097,0.3341835674787229,0,0.7925470567954506,0.005028384462978356,True,True,True,True,normal_completion,6.331805855999846
15,0,nan,-1.25,0.625,0.5,-0.3875,0.19375,0.56,-0.04122340425531915,0.020611702127659576,0.059574468085106386,7000,7001,7002,0.07088312297904213,0.04495541269622133,0.05097162748107269,0.020132590109203225,0.14168443701584113,0.014525055123006756,0.008292417715561192,0.007009345446065347,0.009647907087796542,0.03429321298230422,4.1865346713373,1.8731212306179983,0.00618774844675279,0.0003300560253529025,0.0008462060560583094,0.006120721295003559,nan,0.3929350777896496,0.3858110476128251,0,0.7792614034629319,0.014805804097084015,True,True,True,True,normal_completion,6.262157195999862
16,1,nan,-1.25,0.625,0.5,-0.3875,0.19375,0.56,-0.04122340425531915,0.020611702127659576,0.059574468085106386,7003,7004,7005,0.07313548523470055,0.044664693501859865,0.05469800530596142,0.01902610234517398,0.15379483621807033,0.015248372090848623,0.0090428535015692,0.00971872273151527,0.0075024049769428685,0.034941789734364986,4.41081346419531,1.8102066194016428,0.001560760178881668,0.000751274742894395,-0.00029485295620206714,-0.001335896826439302,nan,0.38706441585089507,0.34955593659491924,0,0.7972883167786142,0.0022270620298400086,True,True,True,True,normal_completion,6.284376308999526
17,2,nan,-1.25,0.625,0.5,-0.3875,0.19375,0.56,-0.04122340425531915,0.020611702127659576,0.059574468085106386,7006,7007,7008,0.07742962821903177,0.04794590481459218,0.0570751194573546,0.02095156978787623,0.14809642555882266,0.015938359007252906,0.009361324811823907,0.007600724186887829,0.010422373887290181,0.03246309484057433,4.272345893341012,1.5397887816511944,0.004997916924091542,0.0004702146487579259,0.0003279747176586009,0.0049649274263367515,nan,0.41337329287084384,0.4316285825816111,0,0.7671614521973268,0.01327775504909868,True,True,True,True,normal_completion,6.320015289999901
18,3,nan,-1.25,0.625,0.5,-0.3875,0.19375,0.56,-0.04122340425531915,0.020611702127659576,0.059574468085106386,7009,7010,7011,0.07338795572708504,0.03921642157432226,0.05928341861429281,0.01825761764601687,0.1446741130689252,0.013537389778858072,0.008437952702369803,0.008364956255635545,0.006487633086003293,0.0275851905058371,4.325257332968862,1.9172247551013326,0.008960720903202813,0.0017994790094670865,3.410491012262665e-05,0.008778110916062107,nan,0.39068252903038414,0.29739277421364446,0,0.7941440937773295,0.02102577167598461,True,True,True,True,normal_completion,6.271808176999912
19,4,nan,-1.25,0.625,0.5,-0.3875,0.19375,0.56,-0.04122340425531915,0.020611702127659576,0.059574468085106386,7012,7013,7014,0.07777913996896103,0.04878779584413937,0.056727333646359575,0.021245121989680572,0.16181703880985132,0.014497206901090036,0.008052351639006715,0.006762280664444615,0.009979990041582022,0.03249969492972173,4.100481564236085,1.6983801300980146,0.004767118878589689,-0.0005527256658492408,0.0012026882814173273,0.004579678770247883,nan,0.4063807066411234,0.29606187259736994,0,0.7925080853612569,0.004179777039639125,True,True,True,True,normal_completion,6.28651852799976
20,0,nan,-1.25,1.25,0.5,-0.3875,0.3875,0.56,-0.04122340425531915,0.04122340425531915,0.059574468085106386,7000,7001,7002,0.07059942664486196,0.04474472005493506,0.05076376278112753,0.020130311922326227,0.14127300998127837,0.016043335828955882,0.008967110817429671,0.007212448186466193,0.011178557119151602,0.038703469855560224,4.337591703246183,1.904557188876129,0.0067672586126185505,0.0003395012709456746,0.0008509010221410263,0.006704960512009417,nan,0.44015545278557533,0.5429072234459106,0,0.7792097485748789,0.016132416420599455,True,True,True,True,normal_completion,6.273486976999266
21,1,nan,-1.25,1.25,0.5,-0.3875,0.3875,0.56,-0.04122340425531915,0.04122340425531915,0.059574468085106386,7003,7004,7005,0.07293018440329754,0.04441648041864938,0.054631528310087385,0.019010107280676813,0.1534200006062431,0.01627978396804228,0.00970578499957796,0.009787613647700727,0.008662085353506807,0.03284363148471325,4.512142290130643,1.842885357930966,0.0010384285093712438,0.0007555016016798158,-0.000300256405489939,-0.0006460628374210034,nan,0.42939017395834467,0.47996366949391583,0,0.7973583170731995,0.0024535130033892178,True,True,True,True,normal_completion,6.294647160999375
22,2,nan,-1.25,1.25,0.5,-0.3875,0.3875,0.56,-0.04122340425531915,0.04122340425531915,0.059574468085106386,7006,7007,7008,0.07710654400431334,0.04767314313159604,0.05686636863767689,0.020950099527384237,0.147373362482424,0.01706557901303536,0.010110721704475273,0.007714980067384705,0.011379208066674147,0.0343323698660375,4.402763677602342,1.583722792721069,0.005837548354951021,0.0005085894934024199,0.00032397577889944906,0.005806319593191417,nan,0.4538318595311489,0.5625075603503105,0,0.7671784161201377,0.017203396777695234,True,True,True,True,normal_completion,6.3955195179996736
23,3,nan,-1.25,1.25,0.5,-0.3875,0.3875,0.56,-0.04122340425531915,0.04122340425531915,0.059574468085106386,7009,7010,7011,0.0732437442855244,0.03911484241936306,0.059170808854554405,0.018261723877264956,0.14442607707474728,0.014007535070851642,0.009149073222182568,0.008448628213853171,0.006412969611682708,0.028306015534915113,4.431724263527073,1.9239689267533469,0.009439774092518075,0.0017963296718070051,3.8226369460353515e-05,0.009267204183174074,nan,0.4277202294790437,0.43610819586748745,0,0.794135507427732,0.018917240343879975,True,True,True,True,normal_completion,6.2797571510000125
24,4,nan,-1.25,1.25,0.5,-0.3875,0.3875,0.56,-0.04122340425531915,0.04122340425531915,0.059574468085106386,7012,7013,7014,0.07781401492409583,0.04874034088765305,0.056812901076704836,0.021253102362039634,0.16206933598446485,0.015268244433410884,0.008277154879535028,0.0069192666908670635,0.010804246555833018,0.035555555569361325,4.144542696705913,1.7044809124966516,0.0054294381035663785,-0.0005498839367127709,0.0012066727350106415,0.005265013455555995,nan,0.44565807103052424,0.3411271818995836,0,0.7924616987752097,0.004008956263384002,True,True,True,True,normal_completion,6.32205915600025
25,0,nan,-0.625,-1.25,0.5,-0.19375,-0.3875,0.56,-0.020611702127659576,-0.04122340425531915,0.059574468085106386,7000,7001,7002,0.07097254926649524,0.044833500095362744,0.051209649520132065,0.020115462077949883,0.14192164820384978,0.01402550315244494,0.009180299901241222,0.00668301304863385,0.00823250684751025,0.0365572565585951,4.295966161782317,1.858396650570026,0.006100402036576151,0.00031389658163495995,0.0008578787901179288,0.006031618184647147,nan,0.3967494084554879,0.30493191117686574,0,0.7793778105821605,0.013920096573971863,True,True,True,True,normal_completion,6.310000454999681
26,1,nan,-0.625,-1.25,0.5,-0.19375,-0.3875,0.56,-0.020611702127659576,-0.04122340425531915,0.059574468085106386,7003,7004,7005,0.07300441202926812,0.044691368989766576,0.054499668954941696,0.01902923533307217,0.15397014611851978,0.01507345794612023,0.010039692998274508,0.009233713999616634,0.0064149999787324555,0.038199880299827495,4.505022426277622,1.8006184702957575,0.0015766029930409273,0.0007495293406926222,-0.00028221182145582446,-0.001358027706984316,nan,0.4007903835676373,0.34805580448052525,0,0.7972528514095594,0.004999105092216257,True,True,True,True,normal_completion,6.39287988399974
27,2,nan,-0.625,-1.25,0.5,-0.19375,-0.3875,0.56,-0.020611702127659576,-0.04122340425531915,0.059574468085106386,7006,7007,7008,0.07757558517282576,0.04802568950471459,0.057208100994345146,0.020946067485900464,0.14833223829366468,0.01624115051347304,0.00994466893969334,0.006793454339663437,0.010896215297803744,0.03784067851518257,4.290831292894501,1.5242136353402589,0.004688219573895611,0.00038655123036633945,0.0003383774838898665,0.0046599872958793115,nan,0.39613008231253255,0.29651308592331316,0,0.7671271527915696,0.006712548494851581,True,True,True,True,normal_completion,6.350779318000605
28,3,nan,-0.625,-1.25,0.5,-0.19375,-0.3875,0.56,-0.020611702127659576,-0.04122340425531915,0.059574468085106386,7009,7010,7011,0.07336279896363511,0.039267153744535474,0.05921517400654861,0.01826893746105456,0.14519598196469383,0.014248397504844298,0.009582989395332421,0.008074781790893755,0.006780932438422473,0.03112223345926566,4.479983020245687,1.930830978019744,0.009078433389863434,0.0018079034016228387,8.605768014190857e-05,0.0088961807636916,nan,0.3975323090646192,0.34107421134363924,0,0.7941457476640713,0.02724439894961822,True,True,True,True,normal_completion,6.32389371499994
29,4,nan,-0.625,-1.25,0.5,-0.19375,-0.3875,0.56,-0.020611702127659576,-0.04122340425531915,0.059574468085106386,7012,7013,7014,0.07758183439594774,0.048543643792375135,0.05667830359781777,0.021213806279705077,0.16184607709669477,0.014322584089892364,0.009244903343763022,0.006513517465363963,0.008788758012649726,0.035867608472655695,4.2384514393928026,1.7250819840776985,0.004900116017758092,-0.0005578210730235039,0.0012270964035820259,0.0047110728135209695,nan,0.3944100443217422,0.41040501664078677,0,0.7925824271705962,0.005426145590270867,True,True,True,True,normal_completion,6.3726173120003295
30,0,nan,-0.625,-0.625,0.5,-0.19375,-0.19375,0.56,-0.020611702127659576,-0.020611702127659576,0.059574468085106386,7000,7001,7002,0.07104106080158287,0.044984740933711034,0.05116776317649665,0.020126236967079825,0.14201838502002923,0.01316603360990912,0.008607793316982767,0.00669994586434116,0.007372995364454087,0.03300775644876276,4.200130054575362,1.8529815711263469,0.00565596773046972,0.00031569797412910397,0.0008442849030529873,0.005583680574649877,nan,0.3677738555783435,0.2560145932654414,0,0.7793177122248734,0.013522565242413515,True,True,True,True,normal_completion,6.3183809950005525
31,1,nan,-0.625,-0.625,0.5,-0.19375,-0.19375,0.56,-0.020611702127659576,-0.020611702127659576,0.059574468085106386,7003,7004,7005,0.07325347136160451,0.0448220969158421,0.05472626467004785,0.01902857456185679,0.1543094841318123,0.014586608066117614,0.00949455569508855,0.009293396862028415,0.006021239223966126,0.038489967964389006,4.43276915724442,1.7914530945308664,0.002018735870120621,0.0007476863533177232,-0.0002768457708717184,-0.0018546201900994583,nan,0.3611751515575852,0.299627712352702,0,0.7972526764564227,0.00399538223494827,True,True,True,True,normal_completion,6.373396216999936
32,2,nan,-0.625,-0.625,0.5,-0.19375,-0.19375,0.56,-0.020611702127659576,-0.020611702127659576,0.059574468085106386,7006,7007,7008,0.07763544569653492,0.048051907077963925,0.057266919739989874,0.020946994012600046,0.14850628709129343,0.015403442965510342,0.009514066550752162,0.007017397629638541,0.00987444800316108,0.032700061414662265,4.246526591334527,1.508473204045361,0.004279136856302904,0.0004138132091144088,0.0003408374060499299,0.004245421148198314,nan,0.36161591977050855,0.27074044589464646,0,0.7671551428133074,0.005895852074023136,True,True,True,True,normal_completion,6.294727813999998
33,3,nan,-0.625,-0.625,0.5,-0.19375,-0.19375,0.56,-0.020611702127659576,-0.020611702127659576,0.059574468085106386,7009,7010,7011,0.07342885664102165,0.0392745074789589,0.05929369661167277,0.018263832894981718,0.14515297605529187,0.013660451763139516,0.008922279855241872,0.008207021795732586,0.006296479794470658,0.029592422252623155,4.395406091711456,1.9184240192857134,0.008560926976879537,0.0018027365623654867,7.176075373071383e-05,0.008368659509407614,nan,0.36061052604656346,0.29571925546760247,0,0.7941503404881688,0.02510873207028321,True,True,True,True,normal_completion,6.341131888000746
34,4,nan,-0.625,-0.625,0.5,-0.19375,-0.19375,0.56,-0.020611702127659576,-0.020611702127659576,0.059574468085106386,7012,7013,7014,0.07779491953886741,0.04871003164246832,0.05682350728781165,0.02122431018809812,0.16207911398484856,0.013478351854722168,0.008763357547221188,0.006436088191563799,0.007965318701073264,0.03178690277457542,4.16922572611219,1.7024283259959825,0.004378712642017649,-0.0005568217454811758,0.001230572851753136,0.004165184798019486,nan,0.3552350993029869,0.3230780562223351,0,0.7925517096864464,0.00522048252297734,True,True,True,True,normal_completion,6.5218596519998755
35,0,nan,-0.625,0.0,0.5,-0.19375,0.0,0.56,-0.020611702127659576,0.0,0.059574468085106386,7000,7001,7002,0.07105864014774757,0.045044848542117655,0.05113582135028585,0.020135037479389353,0.1421324424610127,0.01290372041162645,0.008407185809366715,0.006709637995840436,0.007127831731528333,0.031293592871615705,4.1685152144468764,1.8540964781529532,0.0055243911702450325,0.0003175247389776738,0.0008372055189762182,0.005451345041456668,nan,0.3343403200811519,0.26154372017606353,0,0.7792884708479677,0.013795193572612805,True,True,True,True,normal_completion,6.439323247000175
36,1,nan,-0.625,0.0,0.5,-0.19375,0.0,0.56,-0.020611702127659576,0.0,0.059574468085106386,7003,7004,7005,0.0734034539988659,0.0449025719184435,0.054861203495695024,0.019028253863047268,0.15453583507628282,0.014463646439718708,0.009333686686666011,0.009369182804537133,0.00585643020478401,0.03755923772621736,4.419235217736576,1.7912443437801824,0.002169113330506052,0.0007481779320478305,-0.0002766749960082739,-0.0020171101529563307,nan,0.3259785481077838,0.2626250566229077,0,0.7972597781743993,0.0029066162036340023,True,True,True,True,normal_completion,6.3692166829996495
37,2,nan,-0.625,0.0,0.5,-0.19375,0.0,0.56,-0.020611702127659576,0.0,0.059574468085106386,7006,7007,7008,0.07763508451467786,0.04806584327964091,0.057253051639558815,0.020951590282749056,0.14852205606077867,0.014813471135302186,0.009387147133272605,0.007154088171562256,0.008952062232147165,0.03033692126460339,4.237506970306599,1.5055068966530811,0.004185308521627984,0.0004356295025220551,0.00033768140067951593,0.004148855942230259,nan,0.3304691940368209,0.2970153560514942,0,0.7671654408863997,0.007430999536225925,True,True,True,True,normal_completion,6.41510994500004
38,3,nan,-0.625,0.0,0.5,-0.19375,0.0,0.56,-0.020611702127659576,0.0,0.059574468085106386,7009,7010,7011,0.07343053928169538,0.039283074158305065,0.05929116137415806,0.018260404343202804,0.1449885508203238,0.013354969566282932,0.008710264309092301,0.008183669014615416,0.005959368191454529,0.028012438225038783,4.360267908507608,1.9144013311644466,0.008372458249927597,0.001795178360088242,6.480232835322558e-05,0.008177480813825952,nan,0.32473005071147637,0.26694675022479636,0,0.7941428451105276,0.023142900332827215,True,True,True,True,normal_completion,6.343750971999725
39,4,nan,-0.625,0.0,0.5,-0.19375,0.0,0.56,-0.020611702127659576,0.0,0.059574468085106386,7012,7013,7014,0.07789376026941315,0.04878557321389756,0.05689084966325266,0.021232921600510647,0.16226783526516433,0.013282129857934493,0.008532069569238979,0.006474449674990105,0.007854951548846212,0.03062611813998008,4.144040239370306,1.6940602456049845,0.00421822023793615,-0.000557425018908625,0.0012300988857845505,0.003996187690189293,nan,0.3274536897694176,0.28517280289123514,0,0.7925296156980315,0.005208787685000316,True,True,True,True,normal_completion,6.4138351250003325
40,0,nan,-0.625,0.625,0.5,-0.19375,0.19375,0.56,-0.020611702127659576,0.020611702127659576,0.059574468085106386,7000,7001,7002,0.07102666782953451,0.045046089558706454,0.05108726998652253,0.020142696040008793,0.1421271632547742,0.013218761014818172,0.008617347615845938,0.006697781213655252,0.0074576597970514805,0.030551832635104456,4.202155755621252,1.8617290046270518,0.00565065837222532,0.00032119314470449925,0.0008336181210555696,0.005579592801597866,nan,0.3502109963759037,0.31467009974859655,0,0.7792584841443465,0.014604484167115184,True,True,True,True,normal_completion,6.241913787000158
41,1,nan,-0.625,0.625,0.5,-0.19375,0.19375,0.56,-0.020611702127659576,0.020611702127659576,0.059574468085106386,7003,7004,7005,0.07342304970682684,0.0448966980511879,0.054893015857846984,0.01902597020868534,0.15456426426992936,0.014719818730739584,0.009456956875074555,0.009406515078294621,0.0062254722078431335,0.036309302464855635,4.436978768121308,1.7998256779156958,0.0020524230501444466,0.0007488963922752806,-0.00027819225476828635,-0.0018905564365520114,nan,0.34968525023915914,0.2887266951117602,0,0.797284458303231,0.001379910566255881,True,True,True,True,normal_completion,6.108685177000552
42,2,nan,-0.625,0.625,0.5,-0.19375,0.19375,0.56,-0.020611702127659576,0.020611702127659576,0.059574468085106386,7006,7007,7008,0.07761985016270859,0.04805037396265668,0.057244011003374055,0.020955331196995365,0.14845766352600148,0.014843852008189554,0.009597416179879891,0.007150463960403778,0.008780683929067135,0.029865658928088828,4.268644057476439,1.5162389231683941,0.004390992995365315,0.0004556540684826464,0.0003291338339128508,0.0043548673659017795,nan,0.37166142646392347,0.3616262090154495,0,0.767159128537795,0.010628118384403354,True,True,True,True,normal_completion,6.148179142999652
43,3,nan,-0.625,0.625,0.5,-0.19375,0.19375,0.56,-0.020611702127659576,0.020611702127659576,0.059574468085106386,7009,7010,7011,0.07339083081845568,0.03925876866808378,0.05925850488290034,0.018259045153905095,0.144783015877191,0.013351391331250224,0.008887053999762876,0.008026518873801606,0.005903805252037731,0.026545062961484324,4.363171750855698,1.9155600232076126,0.008467645061083653,0.001787776441220714,6.230848950916634e-05,0.008276532240548917,nan,0.3563329167293165,0.24719601291619217,0,0.7941367375503605,0.021618798200964774,True,True,True,True,normal_completion,6.295227704999888
44,4,nan,-0.625,0.625,0.5,-0.19375,0.19375,0.56,-0.020611702127659576,0.020611702127659576,0.059574468085106386,7012,7013,7014,0.07789961542691265,0.04884577404261764,0.056844638548119705,0.021239762479181627,0.16223605097981994,0.013565314002984068,0.008549002666063838,0.006495853677087185,0.008290728702657098,0.03224288848542456,4.147573894992404,1.6959178181898262,0.0043394579273757245,-0.000561020815800891,0.0012283163389382006,0.00412400166333618,nan,0.3704164181677545,0.2591357576823846,0,0.7925013226250862,0.004530360717845172,True,True,True,True,normal_completion,6.246368251000604
45,0,nan,-0.625,1.25,0.5,-0.19375,0.3875,0.56,-0.020611702127659576,0.04122340425531915,0.059574468085106386,7000,7001,7002,0.07092364831375657,0.04497314067734779,0.0510073493471894,0.020145243118976915,0.14195434164396786,0.014305244993845395,0.009284617035324657,0.006730951768912122,0.008551620263194398,0.03269078801602569,4.325745401715203,1.878304875067704,0.006076997953602795,0.0003277191978676569,0.000836569388206955,0.006010212634687442,nan,0.3949639663848273,0.39793943439706936,0,0.7792183103132706,0.015431715499305767,True,True,True,True,normal_completion,6.297962450000341
46,1,nan,-0.625,1.25,0.5,-0.19375,0.3875,0.56,-0.020611702127659576,0.04122340425531915,0.059574468085106386,7003,7004,7005,0.07323125688976571,0.044758497688370244,0.05475230383817279,0.019017862517838904,0.1541825453962873,0.015595327294518607,0.010002236262451645,0.009342135181460015,0.007476229893775375,0.035333434543939245,4.505884578604938,1.8209227148848517,0.0016124993439808276,0.000749890011957334,-0.00028112585670424933,-0.0013995668462054717,nan,0.38764113169614717,0.35129321227022736,0,0.7973344740705685,0.0010033346119828837,True,True,True,True,normal_completion,6.3208222120001665
47,2,nan,-0.625,1.25,0.5,-0.19375,0.3875,0.56,-0.020611702127659576,0.04122340425531915,0.059574468085106386,7006,7007,7008,0.07750762720617135,0.04795248935920985,0.057173465480508195,0.020956762257916584,0.14815426520165886,0.015530055890224725,0.010161004588258865,0.007153337725402576,0.009314847346962692,0.030475421093032563,4.3578611512477075,1.5446928084692424,0.004968782152944351,0.00047742133967022815,0.0003172132739921868,0.004935609454429002,nan,0.4142889439448165,0.4545222573228144,0,0.7671778548294685,0.015199637467297033,True,True,True,True,normal_completion,6.26787469699957
48,3,nan,-0.625,1.25,0.5,-0.19375,0.3875,0.56,-0.020611702127659576,0.04122340425531915,0.059574468085106386,7009,7010,7011,0.07324528192677278,0.03913125720117876,0.059161795627082084,0.01826192685800145,0.14433944140228314,0.013811216479117911,0.009494031004929978,0.007938344930976038,0.006131537789766328,0.028932744673258782,4.439956263420173,1.9227099035266015,0.008859743535889784,0.0017781029613959907,6.625319185628309e-05,0.008679228991966076,nan,0.38948294260298716,0.29709202968266407,0,0.7941367073439434,0.019936223248612134,True,True,True,True,normal_completion,6.270262713000193
49,4,nan,-0.625,1.25,0.5,-0.19375,0.3875,0.56,-0.020611702127659576,0.04122340425531915,0.059574468085106386,7012,7013,7014,0.07782639912491977,0.04883039801228639,0.05675519698278445,0.02124589951398494,0.16206583066185942,0.014242124477251183,0.008836626962625585,0.006452944750357434,0.009116558429459612,0.03538801828557296,4.178148867733953,1.7066018891259318,0.004783679472523469,-0.000568840849368351,0.0012285654058908774,0.004588097255658438,nan,0.40914586617343857,0.29214148510566246,0,0.7924643356767447,0.004149093467096657,True,True,True,True,normal_completion,6.283132437000859
50,0,nan,0.0,-1.25,0.5,0.0,-0.3875,0.56,0.0,-0.04122340425531915,0.059574468085106386,7000,7001,7002,0.07106111507781422,0.044916816654323316,0.05125721189780254,0.02012113034121167,0.14210506572524945,0.013541963034510773,0.009387810375736333,0.006531444278230853,0.007252173110016023,0.033663485692212246,4.316997486540932,1.8649556289062053,0.005901622664753706,0.00031095305013965387,0.0008389521222888982,0.005833405318872539,nan,0.36237384907691916,0.28470953939840205,0,0.7793405483865563,0.013327399609241399,True,True,True,True,normal_completion,6.298914058000264
51,1,nan,0.0,-1.25,0.5,0.0,-0.3875,0.56,0.0,-0.04122340425531915,0.059574468085106386,7003,7004,7005,0.07316600593519647,0.04469762452629301,0.05471283918508516,0.019023459583439175,0.1543658932094463,0.015120848008409404,0.010180736304912834,0.009057033921400217,0.006554600623215238,0.03976422666609476,4.505985477344495,1.8037069696856662,0.0017862112474149206,0.0007539572843735855,-0.00026913965560472486,-0.0015967663822590156,nan,0.36517311724208823,0.3091947150863539,0,0.7972547405765851,0.003830783376094971,True,True,True,True,normal_completion,6.327721351999571
52,2,nan,0.0,-1.25,0.5,0.0,-0.3875,0.56,0.0,-0.04122340425531915,0.059574468085106386,7006,7007,7008,0.07761575915281248,0.04800156392309655,0.057280733609535395,0.020951694130969745,0.1484872907347271,0.015927216459475372,0.010109644471425875,0.006653798357278606,0.010353660233416355,0.03426571258378609,4.315148979533334,1.5215116279060383,0.004534246405163659,0.0004080272546493766,0.00032201028496360584,0.004504354959212309,nan,0.35951631534790557,0.3396971573289565,0,0.7670772727975121,0.010226503930427672,True,True,True,True,normal_completion,6.286839448000137
53,3,nan,0.0,-1.25,0.5,0.0,-0.3875,0.56,0.0,-0.04122340425531915,0.059574468085106386,7009,7010,7011,0.07338287995693529,0.03926662423093142,0.05924039661180773,0.018268954583022096,0.14519337904002774,0.014213749160377714,0.009913982775764758,0.007904019799047077,0.006424179459841455,0.031026798362154964,4.5172393287697465,1.926925007757025,0.00880471116521805,0.0018162233630935492,9.425963654299818e-05,0.0086148352578089,nan,0.35972967676132456,0.3070691837745884,0,0.7941344403504909,0.026212462895124813,True,True,True,True,normal_completion,6.355074513000545
54,4,nan,0.0,-1.25,0.5,0.0,-0.3875,0.56,0.0,-0.04122340425531915,0.059574468085106386,7012,7013,7014,0.0777448113114389,0.04866714942643707,0.05679682762965691,0.021210483817280707,0.1622711230750084,0.013802506530996737,0.009266222001597053,0.006346933492110916,0.00802263993969865,0.036350440407330584,4.221536568369577,1.722367600500577,0.004672929839259585,-0.000540027698081783,0.001246194291650335,0.00447120153374965,nan,0.36427704811994377,0.34662690425169607,0,0.7925543977757658,0.006193334349801273,True,True,True,True,normal_completion,6.289983903000575
55,0,nan,0.0,-0.625,0.5,0.0,-0.19375,0.56,0.0,-0.020611702127659576,0.059574468085106386,7000,7001,7002,0.07111243216968766,0.04503154727749552,0.051223128737473665,0.020132780265708798,0.14220798699082793,0.01270246088119947,0.008787582928117604,0.006616482173671279,0.006352406029635446,0.03009918750631835,4.220499188059232,1.854312908983325,0.005503555364503483,0.00031293759770783977,0.0008324578744074301,0.005431225054942299,nan,0.32444630548327785,0.24862169945457013,0,0.779294546039247,0.013101146496339606,True,True,True,True,normal_completion,6.203934961999948
56,1,nan,0.0,-0.625,0.5,0.0,-0.19375,0.56,0.0,-0.020611702127659576,0.059574468085106386,7003,7004,7005,0.07334090925505429,0.04481904621039086,0.054846187523622955,0.01902729043433519,0.15453468204737872,0.014548652027101674,0.0096478547635292,0.009181150046928741,0.005855651806871424,0.03929234659955789,4.442188064783519,1.7912055812267982,0.0021856624601482594,0.0007499016549703487,-0.0002688143151958755,-0.002035314904755489,nan,0.32738203933583826,0.25818288895505126,0,0.7972563740978836,0.0033905286254863626,True,True,True,True,normal_completion,6.202718714000184
57,2,nan,0.0,-0.625,0.5,0.0,-0.19375,0.56,0.0,-0.020611702127659576,0.059574468085106386,7006,7007,7008,0.07762822304604612,0.04803921004208171,0.05726678627625995,0.02094971363547979,0.1485503521531602,0.014850484962295876,0.00958144793306335,0.0069393554552587815,0.008976530787945965,0.028938541441504366,4.250604907046482,1.501943264663558,0.004133526999227421,0.0004228361135317999,0.0003276652851298967,0.004098766953042843,nan,0.32317952926695825,0.284147151691828,0,0.7670693682114607,0.007854686469442523,True,True,True,True,normal_completion,6.316562488999807
58,3,nan,0.0,-0.625,0.5,0.0,-0.19375,0.56,0.0,-0.020611702127659576,0.059574468085106386,7009,7010,7011,0.07337542058402799,0.039265151745979034,0.059234089247211845,0.018262608666386595,0.1450659862322101,0.01359107036462367,0.009272678265133174,0.008070983536576244,0.005796020721132197,0.029096430322801972,4.43878638611859,1.9162076814227025,0.008362713132797872,0.0018051531423278425,8.442520520467872e-05,0.008165124950601801,nan,0.3221577798949958,0.2681557742922124,0,0.794130610661463,0.025091515529500064,True,True,True,True,normal_completion,6.187046648999967
59,4,nan,0.0,-0.625,0.5,0.0,-0.19375,0.56,0.0,-0.020611702127659576,0.059574468085106386,7012,7013,7014,0.07781599502877713,0.048734991888997235,0.05683097134862716,0.021224286642183288,0.16222900828146614,0.01312057236071128,0.008831579556867586,0.006328490066374894,0.0073554629414587505,0.03372494702321003,4.168349360318901,1.7015097685673979,0.004232146112971723,-0.0005484751431291339,0.0012440720899050128,0.004007807427263754,nan,0.32717868692068536,0.292324737395021,0,0.7925236083796322,0.005626783722057641,True,True,True,True,normal_completion,6.204177781999533
60,0,nan,0.0,0.0,0.5,0.0,0.0,0.56,0.0,0.0,0.059574468085106386,7000,7001,7002,0.0711129411580244,0.04505629636087328,0.0511987390453046,0.020141243222715925,0.14228192481983643,0.012462793063999006,0.008588655211334426,0.006645489623242985,0.006115037226726442,0.028897284723848598,4.190394183545476,1.8509419677214487,0.005380331060205507,0.0003155448755826251,0.0008300557970664924,0.0053065432366713045,nan,0.2917166069048449,0.23144117694997823,0,0.779267090956587,0.013637223296804004,True,True,True,True,normal_completion,6.1736812509998344
61,1,nan,0.0,0.0,0.5,0.0,0.0,0.56,0.0,0.0,0.059574468085106386,7003,7004,7005,0.0734579464554264,0.044902504817674924,0.05493434301720851,0.019027688136361912,0.15470861894925284,0.014366856232177976,0.009488495528080284,0.009276342384053112,0.005506766981041794,0.038638961734631896,4.4320645096516875,1.7887146767830333,0.002314971098154732,0.0007475916854447394,-0.00027003038589586777,-0.002174231231455971,nan,0.2914166951821585,0.24276391374619335,0,0.7972631112751428,0.0030337062142939825,True,True,True,True,normal_completion,6.208495994999794
62,2,nan,0.0,0.0,0.5,0.0,0.0,0.56,0.0,0.0,0.059574468085106386,7006,7007,7008,0.0776431839315958,0.048078189160805605,0.05725350363364539,0.020952041898716377,0.14851989681789218,0.014191954503261679,0.009414744161884134,0.007046383488018844,0.007944976068478318,0.02782262575982515,4.2291697290845205,1.4952541501048142,0.004027757929006919,0.0004334932048743634,0.0003289890944624905,0.003990824946264945,nan,0.2895186164082843,0.2597608673446706,0,0.7671128601753888,0.007758204959244154,True,True,True,True,normal_completion,6.152013105000151
63,3,nan,0.0,0.0,0.5,0.0,0.0,0.56,0.0,0.0,0.059574468085106386,7009,7010,7011,0.07337544918772688,0.0392899304836115,0.05921891241947288,0.018258650496366564,0.1449706736913159,0.013291719927796515,0.00906182973077551,0.00810982869594931,0.005365047911414535,0.02764350864872455,4.411802042887021,1.9134934134028596,0.00822657388727355,0.0017936172081143265,8.056209155549031e-05,0.008028260395810005,nan,0.28438528178834166,0.24025846471625342,0,0.7941251242140372,0.023861461650837235,True,True,True,True,normal_completion,6.210931232999428
64,4,nan,0.0,0.0,0.5,0.0,0.0,0.56,0.0,0.0,0.059574468085106386,7012,7013,7014,0.07785637492452038,0.04877764162127912,0.05684610253969068,0.02123387435915827,0.16226544702104553,0.012950602860093327,0.008683439052743802,0.006405702324971919,0.007161213471262425,0.03262331288425685,4.162981787841894,1.6940769696182703,0.004106654674773936,-0.0005581164532795155,0.0012432873151980188,0.0038739327942401147,nan,0.2943490578494887,0.25876647159489063,0,0.7925101896754077,0.005581383384351461,True,True,True,True,normal_completion,6.221831849999944
65,0,nan,0.0,0.625,0.5,0.0,0.19375,0.56,0.0,0.020611702127659576,0.059574468085106386,7000,7001,7002,0.07108781294876709,0.04504755764894518,0.05116852974753532,0.02014885265168846,0.14229010347246177,0.012750182434728589,0.008795601196876305,0.006611863419981302,0.006441103462907838,0.02880637199419077,4.2225844782573905,1.8537164645901654,0.005495998980893978,0.0003203446078055743,0.0008304338972454188,0.005423445737955099,nan,0.3188545185383152,0.26503035429635075,0,0.7792402082693541,0.014806451578052326,True,True,True,True,normal_completion,6.1687381080000705
66,1,nan,0.0,0.625,0.5,0.0,0.19375,0.56,0.0,0.020611702127659576,0.059574468085106386,7003,7004,7005,0.07347391144524991,0.044916884635521445,0.054945076572536285,0.01902439744490765,0.15476795841637778,0.01462555210415894,0.009647965969821289,0.009304201243209033,0.005852808404732382,0.03805818575452883,4.456554335223174,1.795159181474797,0.0021970681579994073,0.0007452075242292249,-0.00027163006775466833,-0.0020489000324609916,nan,0.3278614731962161,0.2682837514219987,0,0.7972847179657703,0.0025305753138472427,True,True,True,True,normal_completion,6.255621237000014
67,2,nan,0.0,0.625,0.5,0.0,0.19375,0.56,0.0,0.020611702127659576,0.059574468085106386,7006,7007,7008,0.07764395243621854,0.04808121833144872,0.05725127577916541,0.020954026232189206,0.14846342428983403,0.014214581365575473,0.00960045584387962,0.006984872319315015,0.0078164652926467,0.028496378604874296,4.250145909367802,1.500849414575611,0.004196206466359325,0.0004432312950076684,0.00032403463867359053,0.00416013176238221,nan,0.3316751077819118,0.3050993013846197,0,0.767158089739052,0.010113721956637435,True,True,True,True,normal_completion,6.218480575000285
68,3,nan,0.0,0.625,0.5,0.0,0.19375,0.56,0.0,0.020611702127659576,0.059574468085106386,7009,7010,7011,0.07333797751333317,0.03925833662443655,0.059193924603567594,0.018257087425318928,0.1447883847006971,0.01335990749792837,0.009208757164597008,0.00796308245520314,0.005502293853323578,0.02828913849212958,4.412757763236419,1.9164636286351273,0.00835209455687961,0.0017830301812522286,8.220468165268113e-05,0.008159137776144978,nan,0.32400606267130094,0.2696788360034391,0,0.7941241480600919,0.023229934048530965,True,True,True,True,normal_completion,6.199319380000816
69,4,nan,0.0,0.625,0.5,0.0,0.19375,0.56,0.0,0.020611702127659576,0.059574468085106386,7012,7013,7014,0.07787005901369837,0.0488393576853616,0.05680967977057203,0.02123966845417405,0.16222949466781622,0.013244373495229996,0.008815381776932796,0.006401218004318632,0.007531724999577386,0.03397763420254792,4.184328575752901,1.6967652617490754,0.004244838801751823,-0.0005689979056096384,0.001241940422486234,0.0040190150314802775,nan,0.33543366542468994,0.2879719895910028,0,0.7925008764873793,0.005223291261620182,True,True,True,True,normal_completion,6.137058594000337
70,0,nan,0.0,1.25,0.5,0.0,0.3875,0.56,0.0,0.04122340425531915,0.059574468085106386,7000,7001,7002,0.07102765461230526,0.04499196312087584,0.0511323492801038,0.020152762375221556,0.1421577484104384,0.013627449021622256,0.009387930513918763,0.0065627313431959305,0.0073827288193309085,0.031186197966916743,4.324628184861735,1.8628104136669368,0.005878667632796836,0.0003259693872624118,0.0008350994660306782,0.005809912734051709,nan,0.3588021243242877,0.31278760664756206,0,0.7792169843508012,0.01585948508698169,True,True,True,True,normal_completion,6.193728472000657
71,1,nan,0.0,1.25,0.5,0.0,0.3875,0.56,0.0,0.04122340425531915,0.059574468085106386,7003,7004,7005,0.07329332494852556,0.04483663887950313,0.05477139495562806,0.019017928136729013,0.1544299748364859,0.015529990190745148,0.010180202954790774,0.00924597289974198,0.00721498775197482,0.03760483299357505,4.528434926131788,1.8118423218177726,0.0017891038164580945,0.000742108872342738,-0.0002748265703593697,-0.001604567618980146,nan,0.3650576179637867,0.31412201749871305,0,0.7973367275385272,0.0023061199565532053,True,True,True,True,normal_completion,6.164580526001373
72,2,nan,0.0,1.25,0.5,0.0,0.3875,0.56,0.0,0.04122340425531915,0.059574468085106386,7006,7007,7008,0.07756177536935434,0.048006727087755954,0.05720181091185976,0.020955571602123912,0.14825592000168605,0.014857714923346478,0.010142354574835383,0.0069362571695975785,0.008353003824909673,0.030281908800738003,4.33233344170076,1.521712450251006,0.004683219759945562,0.0004521566142420684,0.00031356500194262144,0.004650782590672073,nan,0.3735595901047949,0.36744680283975406,0,0.7672091960826264,0.013673044348740277,True,True,True,True,normal_completion,6.214563343000918
73,3,nan,0.0,1.25,0.5,0.0,0.3875,0.56,0.0,0.04122340425531915,0.059574468085106386,7009,7010,7011,0.07318526134627586,0.039100677471810716,0.05910854715368861,0.018259221038924533,0.14430972326337463,0.013922931279324521,0.009758195027333222,0.00778121971067913,0.006170758869981973,0.03068497320534433,4.473352963071776,1.9265327233530878,0.008754267071387647,0.001768843106109638,9.08430957367104e-05,0.008573221888829627,nan,0.36282212777326706,0.30980535130116804,0,0.79413089228048,0.022447176620883278,True,True,True,True,normal_completion,6.279892460001065
74,4,nan,0.0,1.25,0.5,0.0,0.3875,0.56,0.0,0.04122340425531915,0.059574468085106386,7012,7013,7014,0.07778362950053856,0.04881135868579258,0.05671420338599967,0.02124249081005846,0.16197756753805478,0.013873771521622617,0.009225894921403537,0.006238172017059208,0.008273427888063406,0.03720450960627883,4.223180690819918,1.7083729010090416,0.004679887368603617,-0.00058351267471118,0.0012409580508388196,0.004474470008540163,nan,0.37262013188148413,0.33320092870015977,0,0.7924792736617731,0.005277258692762967,True,True,True,True,normal_completion,6.136467868000182
75,0,nan,0.625,-1.25,0.5,0.19375,-0.3875,0.56,0.020611702127659576,-0.04122340425531915,0.059574468085106386,7000,7001,7002,0.07101917513715163,0.044872774328656564,0.05123837488688362,0.020119301681769435,0.142006888971812,0.013576331781313762,0.009117812352724016,0.006738444778393307,0.007468309347192856,0.03311725609348865,4.291971006888101,1.8720930575710366,0.006131036788512381,0.000313039374938668,0.0008233347285694775,0.006067432601732106,nan,0.39813054663508773,0.33594261647801865,0,0.7793114724733191,0.012861188282656512,True,True,True,True,normal_completion,6.187487154000337
76,1,nan,0.625,-1.25,0.5,0.19375,-0.3875,0.56,0.020611702127659576,-0.04122340425531915,0.059574468085106386,7003,7004,7005,0.0731389755395402,0.044541991372646174,0.05480645283837489,0.019015085453596137,0.15442382489070472,0.015638147771301597,0.010060471489212394,0.009234331643754073,0.007620085184889567,0.04053761301556651,4.504567239433679,1.8113100551549732,0.001629155241624934,0.0007605290887847463,-0.00026808390369875007,-0.0014155823278791946,nan,0.3993454622446226,0.36793372680941766,0,0.7972603890956523,0.0026753319201710383,True,True,True,True,normal_completion,6.317029543000899
77,2,nan,0.625,-1.25,0.5,0.19375,-0.3875,0.56,0.020611702127659576,-0.04122340425531915,0.059574468085106386,7006,7007,7008,0.0775735863064846,0.047939378188380795,0.05727238304563971,0.02096071209750609,0.14831763318093635,0.01598221700166598,0.010120106364851842,0.006805224806919926,0.010329744565075549,0.03314787411552574,4.336800850814008,1.5221230110997934,0.004821695294294763,0.0004323448241735431,0.0003020031429578976,0.004792767213800203,nan,0.3928850474470485,0.4058981252442962,0,0.7670877384135077,0.014185927933282756,True,True,True,True,normal_completion,6.209790849001365
78,3,nan,0.625,-1.25,0.5,0.19375,-0.3875,0.56,0.020611702127659576,-0.04122340425531915,0.059574468085106386,7009,7010,7011,0.07328583017386472,0.03920111600834332,0.05916418158530018,0.01826704752592976,0.14492256923078972,0.014578702250096639,0.009987111618869025,0.00805514836930603,0.006921758848565219,0.030685315894134486,4.544735920061042,1.9294427779525425,0.008959698171852833,0.0018319477681319127,9.721570427883436e-05,0.00876987501691906,nan,0.3932475559873091,0.2856639792888991,0,0.7941157445216968,0.025593428929455552,True,True,True,True,normal_completion,6.255547028000365
79,4,nan,0.625,-1.25,0.5,0.19375,-0.3875,0.56,0.020611702127659576,-0.04122340425531915,0.059574468085106386,7012,7013,7014,0.07773565122026432,0.04865611078600962,0.056794096998109306,0.021209547378185437,0.16239182870610377,0.013848890145525976,0.009052685379426828,0.006547600084657423,0.008183494291276265,0.03760929423194185,4.197995840658922,1.7269784746307888,0.00484272975531702,-0.0005182185805502788,0.0012595242210114155,0.004647265832991576,nan,0.401758225815237,0.30112319867053006,0,0.7925434098457844,0.007858162794457835,True,True,True,True,normal_completion,6.301113515999532
80,0,nan,0.625,-0.625,0.5,0.19375,-0.19375,0.56,0.020611702127659576,-0.020611702127659576,0.059574468085106386,7000,7001,7002,0.07110931081212812,0.04498485749564833,0.05125948927915345,0.020133589821797974,0.14216845827334781,0.012710616923420558,0.008546127452485579,0.006720389264421034,0.006584820139872614,0.029121957525973387,4.192056797519583,1.8562833846236804,0.005691411888645809,0.0003158875496523314,0.0008230727220325702,0.005622716037329237,nan,0.36403036926449267,0.28237650986052504,0,0.7792815825233562,0.012709521083256056,True,True,True,True,normal_completion,6.254145950000748
81,1,nan,0.625,-0.625,0.5,0.19375,-0.19375,0.56,0.020611702127659576,-0.020611702127659576,0.059574468085106386,7003,7004,7005,0.07326820692811073,0.04469668382344706,0.054850315822537195,0.019023129495831757,0.15446653222050177,0.015021806407286965,0.009524897766389599,0.009307215275485635,0.006950304604375364,0.038079918911090783,4.4350765059106765,1.7949893753739654,0.002053306220907493,0.0007524650988392778,-0.00026924569618250876,-0.001891393525137855,nan,0.3582437645970061,0.30147249840449175,0,0.7972650402240571,0.0024096647035846707,True,True,True,True,normal_completion,6.176122630000464
82,2,nan,0.625,-0.625,0.5,0.19375,-0.19375,0.56,0.020611702127659576,-0.020611702127659576,0.059574468085106386,7006,7007,7008,0.07761594167201434,0.04800770239363506,0.05727508451047706,0.02095374923099469,0.1484386805546763,0.014885917794505647,0.00945310294159303,0.007052613075230521,0.009082402885333454,0.028289460466383882,4.240873552414962,1.498450272420256,0.004327045919103906,0.0004318336066562907,0.0003099615557847768,0.004294271760861376,nan,0.35868034426289336,0.3202942653688456,0,0.767048693528269,0.010709739010931208,True,True,True,True,normal_completion,6.499475717999303
83,3,nan,0.625,-0.625,0.5,0.19375,-0.19375,0.56,0.020611702127659576,-0.020611702127659576,0.059574468085106386,7009,7010,7011,0.07325943720390334,0.039189721567594225,0.05914110908034683,0.018260341717328685,0.14480584739749938,0.013938373007316616,0.009381920513737298,0.00812875570293237,0.0063388595415147615,0.030201796100509014,4.463185762907347,1.9192957658210283,0.008512067831087985,0.001815191180131296,9.096760590436917e-05,0.008315774445912569,nan,0.35267521233315813,0.24861395625630614,0,0.7941024357234018,0.025501635122624364,True,True,True,True,normal_completion,6.322566112001368
84,4,nan,0.625,-0.625,0.5,0.19375,-0.19375,0.56,0.020611702127659576,-0.020611702127659576,0.059574468085106386,7012,7013,7014,0.07773555702612546,0.04874056573453675,0.05671683268905458,0.021222039670142336,0.16211495862919123,0.013241683483718498,0.008605902566263623,0.00649774573870014,0.007685045401177855,0.03620007019349702,4.142834704931905,1.704670657477429,0.004373954709084916,-0.0005364909778631591,0.0012552079326453164,0.004155491580261211,nan,0.36745782957810114,0.2664217652364135,0,0.7925134465322451,0.00717612732955412,True,True,True,True,normal_completion,6.34236500499901
85,0,nan,0.625,0.0,0.5,0.19375,0.0,0.56,0.020611702127659576,0.0,0.059574468085106386,7000,7001,7002,0.0711062199826835,0.04499917125310064,0.05123889810072694,0.020143098773108895,0.14219656333431951,0.012485860488337542,0.008357080672668408,0.006710016960005249,0.006405590305442796,0.02783727303550524,4.159709635601453,1.8489485731387254,0.005548713035803881,0.00031912398130251596,0.000824468093459738,0.005477830647357074,nan,0.3290807729936116,0.24617509392214934,0,0.779256285782988,0.013384496524625778,True,True,True,True,normal_completion,6.2435627530012425
86,1,nan,0.625,0.0,0.5,0.19375,0.0,0.56,0.020611702127659576,0.0,0.059574468085106386,7003,7004,7005,0.07335066696891221,0.04479562857431347,0.054879713995180365,0.019023380278584148,0.1545465444289403,0.014803019866891604,0.009365666369441297,0.009375557354771823,0.006596409244679126,0.03744474233034595,4.422714627213821,1.7899860716125626,0.002177338259027668,0.0007468830297319116,-0.0002708093319320555,-0.002027222222614637,nan,0.3322340752434132,0.2665221191766346,0,0.7972747952039776,0.0028104957660327968,True,True,True,True,normal_completion,6.267607899000723
87,2,nan,0.625,0.0,0.5,0.19375,0.0,0.56,0.020611702127659576,0.0,0.059574468085106386,7006,7007,7008,0.07763871135657055,0.048059327463911505,0.057263191269379836,0.020952266475773453,0.14837852871745993,0.01424114754107921,0.009190320456410403,0.007144846131183262,0.008203625232602124,0.02640018929963949,4.19922339916116,1.4879080516621608,0.0041911941626457325,0.0004325884924619369,0.0003144506433966779,0.004156933545060901,nan,0.3208149973099331,0.2766736071633977,0,0.7671267638051629,0.009817616696249268,True,True,True,True,normal_completion,6.302955024000767
88,3,nan,0.625,0.0,0.5,0.19375,0.0,0.56,0.020611702127659576,0.0,0.059574468085106386,7009,7010,7011,0.07323497592961378,0.0391990922678528,0.059105541380732075,0.018257268220575638,0.14474624524457946,0.013713017880661394,0.00917940641692245,0.008186587149263421,0.006063427090005854,0.030394096360108258,4.440989256774095,1.9176418029305684,0.008398686742635103,0.0017993341104356499,9.066317175205748e-05,0.00820317718626297,nan,0.3266548501360738,0.26645230037750917,0,0.7941023418954964,0.02493515623454406,True,True,True,True,normal_completion,6.176855479998267
89,4,nan,0.625,0.0,0.5,0.19375,0.0,0.56,0.020611702127659576,0.0,0.059574468085106386,7012,7013,7014,0.07774178981271342,0.04877101705681501,0.05669551715069149,0.021231865521984132,0.16201718057580813,0.013122446915219708,0.008508771862392458,0.006489390402862073,0.0075952107696732225,0.036037978644939,4.139406458905798,1.6970792043892118,0.00425946143248867,-0.0005553532171429232,0.0012523699914166644,0.004033133261332492,nan,0.3360721156481653,0.28507491357961934,0,0.7925057716347689,0.006961203469978704,True,True,True,True,normal_completion,6.232138258999839
90,0,nan,0.625,0.625,0.5,0.19375,0.19375,0.56,0.020611702127659576,0.020611702127659576,0.059574468085106386,7000,7001,7002,0.071068546205252,0.044982789077643234,0.05119767378928609,0.020151554408783155,0.14217776544253427,0.012732529861327656,0.0085347530327114,0.006722889915632503,0.006639130855956272,0.028373635384047833,4.190774601210563,1.8467670139206012,0.0056764200802032014,0.00032477772853042874,0.0008286843953714089,0.005606206072456904,nan,0.35466765475321815,0.2661726440391066,0,0.7792276549960139,0.014932167688100914,True,True,True,True,normal_completion,6.163268190999588
91,1,nan,0.625,0.625,0.5,0.19375,0.19375,0.56,0.020611702127659576,0.020611702127659576,0.059574468085106386,7003,7004,7005,0.07333550975180686,0.04482374254258341,0.054837589988610116,0.019020195037765617,0.15454080576407106,0.01509483607081049,0.00953816891945532,0.009441146565534915,0.006909570261359635,0.0376410999282777,4.45767206506821,1.794484762342052,0.002028582232470335,0.0007409338908196533,-0.00027283636465637306,-0.0018686153059017455,nan,0.36972933377167033,0.30050587467083195,0,0.797301191780267,0.0031471432818198602,True,True,True,True,normal_completion,6.096837617000347
92,2,nan,0.625,0.625,0.5,0.19375,0.19375,0.56,0.020611702127659576,0.020611702127659576,0.059574468085106386,7006,7007,7008,0.0776217993492824,0.0480465924777181,0.0572510399996083,0.02095201910231067,0.14829078945864024,0.014241745582720958,0.009334374713459569,0.007137757894056903,0.008046687405231241,0.027790329327252457,4.217599576816118,1.4896200412645257,0.0043556504525081915,0.0004325867129310358,0.00031286952034989893,0.004322808376908044,nan,0.3495676628547048,0.26300139133810463,0,0.7672151745190325,0.011241569004912662,True,True,True,True,normal_completion,6.187742097999944
93,3,nan,0.625,0.625,0.5,0.19375,0.19375,0.56,0.020611702127659576,0.020611702127659576,0.059574468085106386,7009,7010,7011,0.07318455406320137,0.03916041413237124,0.059069488839203474,0.01825476394495527,0.14455413781733265,0.013884707480339778,0.009325292574981138,0.00810912055382458,0.006329785466281135,0.03137620930332713,4.452417735843824,1.922768055726427,0.008577969621442333,0.0017844260533679164,9.673667588719001e-05,0.008389757356562083,nan,0.3659983027915149,0.30999942071673153,0,0.7941126593598149,0.02495096645232243,True,True,True,True,normal_completion,6.180738339000527
94,4,nan,0.625,0.625,0.5,0.19375,0.19375,0.56,0.020611702127659576,0.020611702127659576,0.059574468085106386,7012,7013,7014,0.07772717963772678,0.048791529869701526,0.056655740331411464,0.021237423452696625,0.1618925543859904,0.013432811909274598,0.00878452618071723,0.006485593417247876,0.00782365730310278,0.03754044815845774,4.1866381374534205,1.7005290713482235,0.004441892695533122,-0.0005743751863657269,0.0012495347909586736,0.004223643766950724,nan,0.35344064501567674,0.32581328914356444,0,0.7925156438896803,0.007020741382172576,True,True,True,True,normal_completion,6.154825970999809
95,0,nan,0.625,1.25,0.5,0.19375,0.3875,0.56,0.020611702127659576,0.04122340425531915,0.059574468085106386,7000,7001,7002,0.07100364625257444,0.044913798169994766,0.05116560455694892,0.02015811066116141,0.1420800189859677,0.01355943837049033,0.009089820913121356,0.006775230274272388,0.0074383989823812585,0.03150364864901738,4.292122727931442,1.8493215610662574,0.006108190772583096,0.0003319461540161918,0.0008383433501855178,0.0060412735985306,nan,0.38960501904848693,0.3211148612772248,0,0.7792173617795014,0.016312726550936026,True,True,True,True,normal_completion,6.258716929000002
96,1,nan,0.625,1.25,0.5,0.19375,0.3875,0.56,0.020611702127659576,0.04122340425531915,0.059574468085106386,7003,7004,7005,0.07306129893750543,0.044742994543209805,0.054537969070444364,0.01901651312446856,0.15400917015546628,0.016130518674406007,0.010062302246601406,0.009488137884512844,0.008301743533009972,0.037981244890817535,4.545422783685108,1.809005134907567,0.001560460975515467,0.0007334297306728181,-0.0002768200144629557,-0.0013492553375342303,nan,0.4051508515555141,0.34730853778059145,0,0.797360235993056,0.0033798355345729825,True,True,True,True,normal_completion,6.163621837000392
97,2,nan,0.625,1.25,0.5,0.19375,0.3875,0.56,0.020611702127659576,0.04122340425531915,0.059574468085106386,7006,7007,7008,0.07749443702910318,0.047930051485268084,0.057176632337007205,0.02095067181920168,0.14805023361194755,0.014903422358048458,0.009843454044796906,0.007142194321105641,0.008614375817777867,0.030805144390928813,4.300330473565498,1.5058674829485474,0.0048612224306687785,0.00042896608269249806,0.00030703361229302006,0.004832515078223659,nan,0.3875069086944254,0.3081494502123173,0,0.7672830010754171,0.012990349204964332,True,True,True,True,normal_completion,6.232539429000099
98,3,nan,0.625,1.25,0.5,0.19375,0.3875,0.56,0.020611702127659576,0.04122340425531915,0.059574468085106386,7009,7010,7011,0.07301428181292396,0.03895618446933987,0.05899375308055219,0.01825481135806892,0.14406701413202797,0.014555479329552878,0.009834091354657877,0.007925684513641739,0.007234372863732071,0.033974377776157756,4.509425508269733,1.9365597440895725,0.009093164570243123,0.0017672778667338004,0.00011007611174555787,0.00891909491444623,nan,0.40300805690938374,0.36745159002927974,0,0.7941330166578454,0.025315749821625027,True,True,True,True,normal_completion,6.254194674998871
99,4,nan,0.625,1.25,0.5,0.19375,0.3875,0.56,0.020611702127659576,0.04122340425531915,0.059574468085106386,7012,7013,7014,0.0775696078604051,0.048642861047294164,0.056567787562552006,0.02123679691075465,0.16162510955808723,0.014114557177342085,0.009368280002824388,0.006385697938491065,0.008407075349935266,0.040553573496494064,4.2607104234393285,1.7134918293961259,0.004974519371508282,-0.0005959543936028891,0.0012462679518917066,0.004778859438228353,nan,0.3931743359797216,0.38821937415895863,0,0.7925117628726216,0.00732229566366412,True,True,True,True,normal_completion,6.157707718999518
100,0,nan,1.25,-1.25,0.5,0.3875,-0.3875,0.56,0.04122340425531915,-0.04122340425531915,0.059574468085106386,7000,7001,7002,0.07076658258591621,0.04461725310278863,0.05111543588255216,0.02011024989868843,0.1415075689488473,0.014356589423672824,0.00852350655467465,0.007209731161125065,0.009026697761453779,0.03523188667759592,4.2462578101706026,1.8848326513477818,0.006839602700032102,0.00032185131113753734,0.0008057309963039327,0.006784347749739877,nan,0.4361285381598796,0.40730927011447027,0,0.7792769323839307,0.012963638814811112,True,True,True,True,normal_completion,6.156121866000831
101,1,nan,1.25,-1.25,0.5,0.3875,-0.3875,0.56,0.04122340425531915,-0.04122340425531915,0.059574468085106386,7003,7004,7005,0.07291108405365546,0.044207068930931,0.054779768522313095,0.018998373484509692,0.154093352257234,0.016736856239519846,0.009808512086045136,0.009731034246507198,0.009445762009153319,0.041503980585650066,4.527416492287078,1.829571868726235,0.0010780154976648506,0.0007760550374853042,-0.00027409465377789544,-0.0006962241828388713,nan,0.4368815668095406,0.446583628391925,0,0.7972695165849487,0.002129263170924902,True,True,True,True,normal_completion,6.125211333999687
102,2,nan,1.25,-1.25,0.5,0.3875,-0.3875,0.56,0.04122340425531915,-0.04122340425531915,0.059574468085106386,7006,7007,7008,0.07736660696609647,0.04776314599563839,0.05713696687790823,0.02096761250210898,0.1476058799593468,0.016953623291944518,0.009922468080872514,0.007331495427462265,0.011628376701256672,0.03323710007030118,4.36827287631126,1.5264911210256324,0.005636827054372304,0.00046711199683847904,0.0002868150328521543,0.005610112544347318,nan,0.4330027453578383,0.5149171323628119,0,0.7672781224066912,0.017303839688577266,True,True,True,True,normal_completion,6.17836735399942
103,3,nan,1.25,-1.25,0.5,0.3875,-0.3875,0.56,0.04122340425531915,-0.04122340425531915,0.059574468085106386,7009,7010,7011,0.07316341788560864,0.03918789530471588,0.05902305688663152,0.01826125225849212,0.14484711289630425,0.015568737012392362,0.009752977703583146,0.008692189706189277,0.008468225090658804,0.03108204231959709,4.574358907147473,1.941532741126842,0.009585323702936278,0.0018636179410348175,9.689711680306579e-05,0.009401913082382779,nan,0.4327003241355953,0.3487287429218393,0,0.7941112002955077,0.02527782356661007,True,True,True,True,normal_completion,6.332578352001292
104,4,nan,1.25,-1.25,0.5,0.3875,-0.3875,0.56,0.04122340425531915,-0.04122340425531915,0.059574468085106386,7012,7013,7014,0.07759399887374206,0.048444484419628855,0.056780701421568026,0.021211141803527768,0.16233075972258987,0.014362689259938268,0.008942380459509524,0.0069056457048556445,0.00886750990379696,0.03810535340009766,4.207613404933353,1.738879267362655,0.005461999000391998,-0.0004913841295644331,0.0012686811854305258,0.005289841469007364,nan,0.43866164273275077,0.3760282164883919,0,0.7925536233267524,0.009456915910620006,True,True,True,True,normal_completion,6.3960317189994385
105,0,nan,1.25,-0.625,0.5,0.3875,-0.19375,0.56,0.04122340425531915,-0.020611702127659576,0.059574468085106386,7000,7001,7002,0.07098724904938547,0.04484932630923512,0.05121044051839536,0.020130033261748972,0.14186713738363899,0.013117050882411503,0.007930105350196854,0.007022464346355489,0.007736630241307719,0.029915764894128137,4.127904570986949,1.8574636853085948,0.0062489068663503225,0.00032577868370521623,0.0008131248988274033,0.0061872072191312966,nan,0.4051005148773803,0.3366873026185276,0,0.7792652186071292,0.012880693512734279,True,True,True,True,normal_completion,6.150574166998922
106,1,nan,1.25,-0.625,0.5,0.3875,-0.19375,0.56,0.04122340425531915,-0.020611702127659576,0.059574468085106386,7003,7004,7005,0.0730994708496045,0.04447855833680131,0.0548058523165173,0.01901339103453234,0.1542470654809055,0.015917943284365625,0.009227122255200483,0.00966630982094769,0.008648906736536963,0.03716471453885315,4.432968897742202,1.80502010978764,0.0015738853657418935,0.0007563694535552418,-0.000278196947350446,-0.001351897500815033,nan,0.40023112131852356,0.3582511635488464,0,0.7972770161100237,0.0009400181262585762,True,True,True,True,normal_completion,6.11512156200115
107,2,nan,1.25,-0.625,0.5,0.3875,-0.19375,0.56,0.04122340425531915,-0.020611702127659576,0.059574468085106386,7006,7007,7008,0.07759294265704335,0.04791099482567219,0.05732242658450591,0.020960456470639155,0.14815735699310087,0.01562037288821372,0.00927370560747683,0.007372808672514563,0.010180182992028615,0.03007872233023718,4.253838299277862,1.496253659349687,0.004935373172885988,0.0004467850724282421,0.00028897910079196676,0.00490660600965713,nan,0.39430561001899855,0.38427973434484475,0,0.7671872938975256,0.01487508086036405,True,True,True,True,normal_completion,6.221072774000277
108,3,nan,1.25,-0.625,0.5,0.3875,-0.19375,0.56,0.04122340425531915,-0.020611702127659576,0.059574468085106386,7009,7010,7011,0.07314898779143256,0.03913068310518556,0.0590449475100066,0.018255361628115193,0.14447348489960343,0.014749603433704562,0.009186702429071833,0.008469461972337748,0.007837315473448792,0.03189393945412602,4.472543903464646,1.9285634109356022,0.009051381889427113,0.0018370357286554354,9.171637695051804e-05,0.008862527965884881,nan,0.39190526488874683,0.28649084509990047,0,0.7940980785182846,0.026354499132366094,True,True,True,True,normal_completion,6.137002207000478
109,4,nan,1.25,-0.625,0.5,0.3875,-0.19375,0.56,0.04122340425531915,-0.020611702127659576,0.059574468085106386,7012,7013,7014,0.07762999292751332,0.04860707939601797,0.05668665691375639,0.021222407084424917,0.16202108422382333,0.013664064486300935,0.008425492582434819,0.006826393905621606,0.008313728361837368,0.0372548388637588,4.140205285238442,1.7142506559458288,0.004859134966721236,-0.0005219572192344188,0.001261262899667933,0.0046634717951353905,nan,0.4049480933372592,0.27210115292532244,0,0.7925490655833344,0.009331286442073485,True,True,True,True,normal_completion,6.191009702000883
110,0,nan,1.25,0.0,0.5,0.3875,0.0,0.56,0.04122340425531915,0.0,0.059574468085106386,7000,7001,7002,0.07103182142302808,0.04488948143509783,0.05123189422579974,0.02014316571935566,0.14194559624349884,0.012760812230122582,0.007738294882796165,0.006929310648825589,0.007412271919688936,0.027701520902395804,4.0863668387214735,1.8448008064568333,0.006068145795156367,0.0003299593854096533,0.0008196284628459991,0.00600347644104203,nan,0.37103631772103063,0.28402104388755595,0,0.779246819812561,0.013543830231744217,True,True,True,True,normal_completion,6.254764736000652
111,1,nan,1.25,0.0,0.5,0.3875,0.0,0.56,0.04122340425531915,0.0,0.059574468085106386,7003,7004,7005,0.07313183196478859,0.04461505405854988,0.054736815318184584,0.019016909493966165,0.15418078411232833,0.01572749459306293,0.009061614239496652,0.009691878454726553,0.008444449394021024,0.03526510912226923,4.418047047187909,1.7963713623863409,0.0017128147550504633,0.0007459271726278985,-0.0002801627887258475,-0.001516191231364726,nan,0.3723473529349266,0.29958528544081536,0,0.7972970023416425,0.002302243768761045,True,True,True,True,normal_completion,6.1903459490004025
112,2,nan,1.25,0.0,0.5,0.3875,0.0,0.56,0.04122340425531915,0.0,0.059574468085106386,7006,7007,7008,0.07760442712344305,0.04793920789148855,0.057316721633664865,0.020954065883818356,0.1481486966163227,0.014988955142530604,0.008902182309288768,0.00746328214780352,0.009472029665243712,0.028026682964425655,4.193440051142385,1.4818289614612383,0.004721085883480043,0.00043486012947829833,0.0002953230434341488,0.004691730265797625,nan,0.3587948421294505,0.3144451181632484,0,0.767241027833689,0.012949915036749035,True,True,True,True,normal_completion,6.184486090998689
113,3,nan,1.25,0.0,0.5,0.3875,0.0,0.56,0.04122340425531915,0.0,0.059574468085106386,7009,7010,7011,0.0730871812827237,0.03908462965472769,0.05900006761622979,0.018251570175927663,0.14428705861312743,0.01468245116206013,0.00905936536739682,0.008431437477788545,0.007900198309184071,0.03239965348113406,4.45605619908014,1.9289381721041792,0.008936488649513068,0.001815703773080414,9.60839003732348e-05,0.008749560964721972,nan,0.3702066371403962,0.30171019624484924,0,0.7940975323413991,0.02683186710485351,True,True,True,True,normal_completion,6.221731859999636
114,4,nan,1.25,0.0,0.5,0.3875,0.0,0.56,0.04122340425531915,0.0,0.059574468085106386,7012,7013,7014,0.07756899976489912,0.048625332561276546,0.05658476128102921,0.021229497134909153,0.1617222668388247,0.013631606738606378,0.00842406874087132,0.006747571886797321,0.008326226141391823,0.038650085873392775,4.147839530012704,1.7053757023311746,0.0047237007137301956,-0.0005491579010479461,0.0012553452839524028,0.004520606402980715,nan,0.37297395296163866,0.308959811051878,0,0.7925511268202683,0.009316657734802433,True,True,True,True,normal_completion,6.322172222999143
115,0,nan,1.25,0.625,0.5,0.3875,0.19375,0.56,0.04122340425531915,0.020611702127659576,0.059574468085106386,7000,7001,7002,0.07098224476279733,0.044859211387682965,0.05118486247635055,0.020155398247564467,0.14190844228342891,0.01301199224203911,0.007929964580332996,0.007034586309805693,0.007546005520236824,0.028719916327579118,4.126610956342604,1.837440285318193,0.006240890013835905,0.00033716848921611087,0.0008290904827627475,0.0061763771376162485,nan,0.3943382636629289,0.3379580704158604,0,0.7792318878189949,0.015246779255127928,True,True,True,True,normal_completion,6.22615685099845
116,1,nan,1.25,0.625,0.5,0.3875,0.19375,0.56,0.04122340425531915,0.020611702127659576,0.059574468085106386,7003,7004,7005,0.0729822143010059,0.044630513848923054,0.05452427019869578,0.019016434922420455,0.15383177320604519,0.016134236984848536,0.009207109715310002,0.009832506580315262,0.008880571384857799,0.03636070009279686,4.461992371994078,1.7998241614962203,0.001498784348651568,0.0007365184548504614,-0.00028200462586469577,-0.0012745071519683626,nan,0.4093137068383516,0.34880355807429986,0,0.7973316162928312,0.0033385039364604396,True,True,True,True,normal_completion,6.3025043359994015
117,2,nan,1.25,0.625,0.5,0.3875,0.19375,0.56,0.04122340425531915,0.020611702127659576,0.059574468085106386,7006,7007,7008,0.07752658752801396,0.04787048091628679,0.05727113248071189,0.02094770190161625,0.14798785582735483,0.015032914755349102,0.008921403746270424,0.0075621445350766625,0.009445160203418245,0.02815411454663102,4.202064533659214,1.480259185042248,0.004908175966748456,0.00042228093100742103,0.00029870934250176076,0.004880844482728047,nan,0.3914154268433354,0.2923077694059075,0,0.7673296549664995,0.012201595484815664,True,True,True,True,normal_completion,6.327015445000143
118,3,nan,1.25,0.625,0.5,0.3875,0.19375,0.56,0.04122340425531915,0.020611702127659576,0.059574468085106386,7009,7010,7011,0.07296469901296646,0.03896209765354811,0.058930641990644655,0.018247785702891144,0.1440702298959214,0.015025989226261218,0.009215886377973615,0.008380173465937875,0.008403599417915462,0.03449620050981175,4.477256649973979,1.937303897806833,0.0092173983439216,0.0017964789883959248,0.00010597144552313906,0.009040014686244394,nan,0.4080869517300119,0.36665061879054056,0,0.7941200881114594,0.027617624520467187,True,True,True,True,normal_completion,6.18884484299997
119,4,nan,1.25,0.625,0.5,0.3875,0.19375,0.56,0.04122340425531915,0.020611702127659576,0.059574468085106386,7012,7013,7014,0.07742583845877644,0.04851103609144633,0.05648586422935568,0.021231744644322918,0.1614283984089185,0.014076217433096573,0.008778506866120953,0.006781164098462001,0.008665652190978434,0.04095582125335047,4.211941566591774,1.7097102769548453,0.004997068417032883,-0.0005753404292978895,0.0012491605523276793,0.004804089306979134,nan,0.39365438585559376,0.36975293479229004,0,0.7925609212757069,0.009256102979346589,True,True,True,True,normal_completion,6.17671309599973
120,0,nan,1.25,1.25,0.5,0.3875,0.3875,0.56,0.04122340425531915,0.04122340425531915,0.059574468085106386,7000,7001,7002,0.07090521426069674,0.04475063028556138,0.05116849291352376,0.020167196913775012,0.14188330156158466,0.014099624551628992,0.008474397963744053,0.007301412783782423,0.008583318880818128,0.03329021786016069,4.242457997018044,1.8313194796113548,0.006912052655256819,0.0003495969378325067,0.000842119361229833,0.006851648624348949,nan,0.42855310414079567,0.43791742854786214,0,0.7792471026393507,0.01713863818510076,True,True,True,True,normal_completion,6.0962651379995805
121,1,nan,1.25,1.25,0.5,0.3875,0.3875,0.56,0.04122340425531915,0.04122340425531915,0.059574468085106386,7003,7004,7005,0.0724651529473412,0.04445886204595593,0.0539712163383679,0.019018827098885492,0.15285804063809275,0.017615873941930104,0.009814627174167057,0.010042331110435477,0.01063690246446081,0.041991973887053946,4.586451971872885,1.822908192825217,0.0009223754269082596,0.0007271035798389475,-0.000283999054921491,-0.0004913668173099212,nan,0.4461683748332808,0.4139213957891196,0,0.797414555187542,0.0035253328448614433,True,True,True,True,normal_completion,6.126939286999914
122,2,nan,1.25,1.25,0.5,0.3875,0.3875,0.56,0.04122340425531915,0.04122340425531915,0.059574468085106386,7006,7007,7008,0.07729033033078765,0.04766958704167586,0.05712214816174614,0.020939575528312028,0.147665791206136,0.01592603200955266,0.009282384863828081,0.007684134612420201,0.010412967975907655,0.033504639526324,4.276380278099646,1.4961679352266535,0.0055945222432788955,0.0004048275395233253,0.0002975098232027504,0.005571919031974862,nan,0.4253871714471857,0.37033314024091685,0,0.767372630190184,0.012585419949818438,True,True,True,True,normal_completion,6.094994375998795
123,3,nan,1.25,1.25,0.5,0.3875,0.3875,0.56,0.04122340425531915,0.04122340425531915,0.059574468085106386,7009,7010,7011,0.07272285519632841,0.03860688142113672,0.058865844484673024,0.018246499060004102,0.14376573237926973,0.015671348211749467,0.009619545752200476,0.00821957679167064,0.009246299349526458,0.036342506341434336,4.522126575914094,1.954725036074913,0.010025190917507674,0.0017789255230615392,0.00011102203075875894,0.009865472671117426,nan,0.4450418824391115,0.47916543427576885,0,0.7941805272048775,0.028676901187478038,True,True,True,True,normal_completion,6.122383590000027
124,4,nan,1.25,1.25,0.5,0.3875,0.3875,0.56,0.04122340425531915,0.04122340425531915,0.059574468085106386,7012,7013,7014,0.07710665610742841,0.04820884834932392,0.05630764294727477,0.021231879394517393,0.16110879994191454,0.015150444994104026,0.009378985235177073,0.006871535313476195,0.009713527778997262,0.044273620419295126,4.30865713055548,1.7322180944568417,0.005789617848627212,-0.0006022671132218244,0.0012419413452975925,0.005622680041787426,nan,0.4397212702324685,0.49042492939679827,0,0.7925977522597772,0.009764545248965098,True,True,True,True,normal_completion,6.120046103000277
