case,replicate_id,com_scale,time,altitude,attitude_error,motor_utilization,servo_angle,servo_rate,a1_min_singular,a1_condition,force_residual,torque_residual,com_error,dob_norm
success,2,1.22,-14.9975,0.22743843046454965,0.0004078180750914209,0.0,4.4621695706571974e-05,0.0,0.9999943810320819,1.0000117573540324,47.011795482035225,0.06037540531151881,0.07565916760295552,0.0
success,2,1.22,-14.9725,0.22409472751918022,0.0009446612788054619,0.11192987452420454,0.00034042068934811063,0.09167566842232991,0.9999520588465333,1.0000975618504853,36.30557339348308,0.8051588564721224,0.07565916760295552,0.0
success,2,1.22,-14.9475,0.2169611035475922,0.002456012182288933,0.18901562677755798,0.0011768697977598528,0.11742659407405369,0.999864539735593,1.0002977291914001,25.038924175439284,2.010105158649186,0.07565916760295552,0.0
success,2,1.22,-14.9225,0.20869744794573228,0.006174159568049581,0.22701578057676805,0.0006314954240612473,0.18936175575582082,0.9999075864676944,1.0001886150439185,18.748470234662758,1.268846699967418,0.07565916760295552,0.0
success,2,1.22,-14.8975,0.2050610922148478,0.0035189751485478855,0.2183392328797988,0.004584013799626502,0.18865391731475162,0.9992952684716081,1.0013757892967818,7.812635091894746,1.3812756669400887,0.07565916760295552,0.0
success,2,1.22,-14.8725,0.20617723391036294,0.004545669097055818,0.18205722565175114,0.009244312559431018,0.13948807615452063,0.9985348780793201,1.002893215626975,11.710068405642838,2.1152989268818536,0.07565916760295552,0.0
success,2,1.22,-14.8475,0.20692585758635754,0.0025324913422501588,0.17183175415991553,0.026236245974037495,1.1370111478361908,0.9959251335860198,1.0080787853292854,15.806277484334627,1.7528481759687997,0.07565916760295552,0.0
success,2,1.22,-14.8225,0.2074849512945436,0.0019176657135062066,0.18130507315200653,0.022939122462404288,0.6995991506950479,0.9963246360851079,1.0072275438488787,14.77528482893754,1.598561286235182,0.07565916760295552,0.0
success,2,1.22,-14.7975,0.20761852390063323,0.0033598568839326042,0.17281366653361274,0.0070068770113146705,0.5701277921924459,0.998863911363535,1.0021394101837384,15.611086642809036,1.3151812145580644,0.07565916760295552,0.0
success,2,1.22,-14.7725,0.2081573115708639,0.00237792769318613,0.17678347438506403,0.0034679963820580637,0.11284623754977241,0.9995235020976299,1.0008201355719641,15.291846416394435,1.4764038116551181,0.07565916760295552,0.0
success,2,1.22,-14.7475,0.20745325873959183,0.002532559099428027,0.17681317101373184,0.002892464649898306,0.20289742592381818,0.9997997551475702,1.000385242551212,15.00591494122071,1.83335828362229,0.07565916760295552,0.0
success,2,1.22,-14.7225,0.2075325920631625,0.0021648623154802878,0.17769996442625258,0.00704430113872666,0.4212248000908284,0.9988861989599829,1.0021051427098748,14.982124202265457,1.5612941934566174,0.07565916760295552,0.0
success,2,1.22,-14.6975,0.20760277654205575,0.0027738261150658827,0.17571360910255837,0.0055618625157069805,0.20665236596831021,0.9991594916003712,1.001555088264942,15.48748933033187,1.5522314282893406,0.07565916760295552,0.0
success,2,1.22,-14.6725,0.20754639898391156,0.0024474408803712,0.17636418478652566,0.0043890666925409305,0.16571360174122718,0.9995699695054043,1.0009785467582273,15.352514292240869,1.874012792864739,0.07565916760295552,0.0
success,2,1.22,-14.6475,0.2079467538991398,0.0021004897723960808,0.17650932468767874,0.004390444914878115,0.19382035976040227,0.999498047516783,1.001060176854557,14.973391173262764,1.5764207890625965,0.07565916760295552,0.0
success,2,1.22,-14.6225,0.2079535243876606,0.0019753195214682316,0.17659491498274008,0.004379692075174452,0.026511170795438,0.9995565057489845,1.0010096754910147,15.489814673248462,1.5481212551493784,0.07565916760295552,0.0
success,2,1.22,-14.5975,0.20762276117941422,0.0018921284138176209,0.17865824523641347,0.0038099616804443005,0.24973468460634016,0.9995181448725433,1.000844298278729,15.49897211416798,1.6039437498380749,0.07565916760295552,0.0
success,2,1.22,-14.5725,0.20793240895349907,0.0029444000051240477,0.1778835566661347,0.00406334015414994,0.12458127113743288,0.9995272739723325,1.0009829222524393,15.659920912525688,1.656754798514404,0.07565916760295552,0.0
success,2,1.22,-14.5475,0.208039765493538,0.0025249479567766506,0.17762320076794003,0.0031691365899277567,0.16754191552374226,0.9997492033629356,1.0006065793258418,15.900739321264295,1.5687725941871429,0.07565916760295552,0.0
success,2,1.22,-14.5225,0.20778351323940972,0.001855805956090083,0.1775128763751162,0.003853066259543314,0.13617110716524514,0.9996542747477619,1.000821559888971,15.689631477230291,1.630802463149457,0.07565916760295552,0.0
success,2,1.22,-14.4975,0.20791736566324653,0.002104737213153781,0.17919988759778882,0.0036854718576479965,0.04601305895450623,0.999675498407687,1.0007777081772136,15.470625266423966,1.7408320610574397,0.07565916760295552,0.0
success,2,1.22,-14.4725,0.20760975091700418,0.0018922965844513325,0.18115128549724485,0.004257501340985319,0.04939048949998183,0.9995719206795785,1.0009762310470767,15.339860471373415,1.5355491967251016,0.07565916760295552,0.0
success,2,1.22,-14.4475,0.20805690811394978,0.0009575269786353233,0.179290027065067,0.004052591326098369,0.11374070537098568,0.9995836057894036,1.000944886593198,15.903923452480312,1.8862918180030477,0.07565916760295552,0.0
success,2,1.22,-14.4225,0.20762463906047912,0.0017565488958744117,0.1807381423419764,0.0035590410941689727,0.10275916587893039,0.9996856165190511,1.0007498434663598,15.755865748691145,1.6717778461102526,0.07565916760295552,0.0
success,2,1.22,-14.3975,0.2075777226194215,0.0026833257284665096,0.18024488363233376,0.004110486068042908,0.1218175720753708,0.9995565189070948,1.0009991968812386,16.242713680180835,1.527668109925235,0.07565916760295552,0.0
success,2,1.22,-14.3725,0.20786122312429392,0.0019600097412719028,0.18251978855231227,0.003201026837852587,0.10352266992630517,0.999684552875207,1.0007316119301901,16.123779320075442,1.8657884438396195,0.07565916760295552,0.0
success,2,1.22,-14.3475,0.20778953705357345,0.0025151224132872077,0.18427234204909632,0.003539399611783826,0.04848977957168771,0.9996508377365488,1.000803052765236,16.05069079711285,1.5398251752140146,0.07565916760295552,0.0
success,2,1.22,-14.3225,0.20802829238064527,0.0020633079513780574,0.1846533591328768,0.0035492224683897895,0.12671250111110618,0.9996527026921588,1.0008026389147935,15.982007069162778,1.6608449980781759,0.07565916760295552,0.0
success,2,1.22,-14.2975,0.20765586562591135,0.0021198353399939545,0.18816566524151285,0.003112157009341837,0.12832140714941848,0.9996116396842212,1.000740474290483,16.239510646189977,1.8165575158492064,0.07565916760295552,0.0
success,2,1.22,-14.2725,0.20774656719025467,0.002591491700860038,0.18715681133993453,0.004082992066908529,0.23245367380038745,0.999466787616319,1.0009501192454515,16.548533139284935,1.5054350558001095,0.07565916760295552,0.0
success,2,1.22,-14.2475,0.20772387924679447,0.0015734869058111162,0.186339977551182,0.003727679880210977,0.08910810900584439,0.9995231166286845,1.0009421002697174,16.414421216548917,1.4190572756370048,0.07565916760295552,0.0
success,2,1.22,-14.2225,0.20761176919150712,0.002136755069589179,0.18706489166102913,0.0036704302385661275,0.11599224550186928,0.9995195178647073,1.0009191898776804,16.559578483582328,1.9099991631186612,0.07565916760295552,0.0
success,2,1.22,-14.1975,0.20751852614326918,0.0016498338315046575,0.19061418190667145,0.004807691987444607,0.12412161829796683,0.9993452570374166,1.0012028601431056,16.174371862421555,1.9128691264698248,0.07565916760295552,0.0
success,2,1.22,-14.1725,0.2077316683666734,0.0021848639565034303,0.1915312667675898,0.005748770082956829,0.1382218241196543,0.9991778946114892,1.0015347049954522,16.545853618099585,1.9500885797890601,0.07565916760295552,0.0
success,2,1.22,-14.1475,0.20765366596045629,0.0016621522937846904,0.19224805806691161,0.0064710590260552234,0.06465227741027822,0.9990624671589501,1.001763645992947,16.70294881973512,1.7547526880123483,0.07565916760295552,0.0
success,2,1.22,-14.1225,0.2078470973619169,0.0009212059394619374,0.1938705317583488,0.0068188121818675675,0.12910220142578685,0.9990092156628804,1.0018710266403124,17.095434696110704,1.7180529935346736,0.07565916760295552,0.0
success,2,1.22,-14.0975,0.20758141575615938,0.002293131501651266,0.19624758884216423,0.007274883134620257,0.02903213195394454,0.9989041606887124,1.00209109556415,17.165759988014813,2.0777512150703377,0.07565916760295552,0.0
success,2,1.22,-14.0725,0.20745981574925723,0.0017703496094339077,0.19295882763822683,0.00749865330711738,0.10052746670333601,0.9988566634599717,1.002198967634409,17.550435310686787,1.6927864855014998,0.07565916760295552,0.0
success,2,1.22,-14.0475,0.20773670716588286,0.0016565174607491766,0.19607153891996962,0.006873542189560676,0.04636989823628653,0.998958692731464,1.0019947322133784,17.435178288780378,1.9090392533816263,0.07565916760295552,0.0
success,2,1.22,-14.0225,0.20795299643998166,0.002018718311848774,0.1987397424380011,0.007867329006273184,0.04636737353154611,0.9988102558443546,1.002289669127376,17.311432828945456,1.959510403160132,0.07565916760295552,0.0
success,2,1.22,-13.9975,0.20770741195002082,0.002179887173541774,0.1978499260927514,0.008924688757573681,0.057739491835652856,0.9986285590801285,1.0026508211111582,17.656685029713564,1.7843106066203267,0.07565916760295552,0.0
success,2,1.22,-13.9725,0.20807540593459953,0.0010484675352470927,0.20173722624837342,0.009106796861614221,0.09332474497641591,0.9985910416067363,1.0027282451940633,17.61484494159526,1.9397961438342295,0.07565916760295552,0.0
success,2,1.22,-13.9475,0.20790590481090865,0.001499342011195555,0.20058747272017327,0.00888780239253627,0.11417630726717944,0.9986277462945139,1.0026600969152912,17.862080457459037,2.043474876951574,0.07565916760295552,0.0
success,2,1.22,-13.9225,0.20805786684347638,0.0016392883012617725,0.20376510724359687,0.010480276538381333,0.1354940692185184,0.9983768085431971,1.0031547418228899,18.0455371235653,1.773953483689414,0.07565916760295552,0.0
success,2,1.22,-13.8975,0.20778778310374305,0.002281138822649814,0.2036441641744773,0.010691702219880925,0.11678138505739465,0.9983251463442878,1.0032529439521594,18.28696018423114,2.0280909670264475,0.07565916760295552,0.0
success,2,1.22,-13.8725,0.2078950471161158,0.0020579862810171184,0.20959808763354001,0.011486071280192961,0.0599285478329417,0.9982233963674895,1.0034573059277527,18.61120052586732,1.988389447659677,0.07565916760295552,0.0
success,2,1.22,-13.8475,0.20767922360796703,0.003254935534864277,0.20904724824717622,0.011998583226696252,0.07945512439012858,0.9981375967919881,1.003631573905315,18.34793840486761,2.07932215695468,0.07565916760295552,0.0
success,2,1.22,-13.8225,0.20793643195058675,0.002304871385235721,0.209702046692275,0.011158635858710686,0.17123720058627104,0.9982560192479888,1.0034025802265776,18.462474288255912,1.8904121130438103,0.07565916760295552,0.0
success,2,1.22,-13.7975,0.20785478837899699,0.001824609928656583,0.21262417615245727,0.013094757018784473,0.1313569425618903,0.9979227725869001,1.0040705831653653,18.846121978295127,2.1883832817356144,0.07565916760295552,0.0
success,2,1.22,-13.7725,0.2075803307249191,0.0010711619017997407,0.21770201090736666,0.01352658018886545,0.05026697475178827,0.9978900528277785,1.0041207510200565,19.46643829503184,2.0906816532842636,0.07565916760295552,0.0
success,2,1.22,-13.7475,0.20800840895145467,0.0010951734858555843,0.22161592641594752,0.013546421643523017,0.06715337821751617,0.997884819768337,1.0041338199772012,18.89263911685596,1.9807326713084608,0.07565916760295552,0.0
success,2,1.22,-13.7225,0.20798581389201434,0.0022811984625445165,0.2176951461734039,0.013765507567631867,0.20363135721720743,0.9978257364897094,1.0042650099720156,19.171655016976388,1.9914124813278467,0.07565916760295552,0.0
success,2,1.22,-13.6975,0.2085521918112881,0.003492544853236729,0.23113960779186282,0.01447812018666381,0.12725085878247838,0.9976706332637408,1.004589341036163,19.31321568247025,2.0441784242593553,0.07565916760295552,0.0
success,2,1.22,-13.6725,0.20887871957742019,0.004142624552286941,0.22975805633264096,0.015173090125847655,0.12125529118379066,0.9975310296082281,1.0049008563086386,18.937268672720826,1.943501417986662,0.07565916760295552,0.0
success,2,1.22,-13.6475,0.2091019238640419,0.006303553521943373,0.23153691959999917,0.016619712328925545,0.131880634898352,0.9972601027491479,1.0054739985155159,19.793484850903987,2.120154955966697,0.07565916760295552,0.0
success,2,1.22,-13.6225,0.20999282825548282,0.007990623675204448,0.2377763543562407,0.019360533686755024,0.2785278809513971,0.996785435207057,1.0064640153473168,19.28383111376347,1.9850725256590043,0.07565916760295552,0.0
success,2,1.22,-13.5975,0.2104896711078051,0.011170419120585907,0.24097386599052278,0.022266519457329968,0.19370178554105577,0.9963626913975926,1.007348279450226,19.384184899434793,2.1661363478148803,0.07565916760295552,0.0
success,2,1.22,-13.5725,0.21168872685664916,0.013414300104455762,0.24914836524137965,0.02670557427356555,0.23419100885797653,0.9956952555216536,1.0087409024191167,19.16376218502348,2.341121426969962,0.07565916760295552,0.0
success,2,1.22,-13.5475,0.21245413035502753,0.016834236373820984,0.24863040810690248,0.03027400758669147,0.24877869519810872,0.9952150798639785,1.009781133422171,19.43515847938614,2.375683288167013,0.07565916760295552,0.0
success,2,1.22,-13.5225,0.21392448024608396,0.020678360826140853,0.24885532681174102,0.035935159586847655,0.28476861109588253,0.9945278658575497,1.011216422025989,19.28826091779657,2.4501194749878636,0.07565916760295552,0.0
success,2,1.22,-13.4975,0.21535323596754924,0.024921301068055953,0.24843681384630822,0.04155655375145282,0.23647072804591482,0.9936887726213308,1.0130261891406083,19.769228655956947,2.565587417207069,0.07565916760295552,0.0
success,2,1.22,-13.4725,0.21693166596533578,0.028292794282712763,0.24605031533328744,0.047169223588061235,0.30398373274089446,0.9927449955491786,1.015020371518108,19.406028175238326,2.65372391866233,0.07565916760295552,0.0
success,2,1.22,-13.4475,0.21867540488011758,0.03259322170532129,0.2500495657556986,0.05565081232125528,0.31140773975235436,0.9914666349344432,1.0177207520784526,19.587732813450092,2.6298147247660846,0.07565916760295552,0.0
success,2,1.22,-13.4225,0.22065565956414898,0.036436944019911405,0.24149511052609507,0.0643862304423446,0.28364722611996995,0.9901312264121035,1.020525208387668,19.410167385461083,2.5484817540829448,0.07565916760295552,0.0
success,2,1.22,-13.3975,0.22248073492555417,0.04344370975567,0.24433484154945226,0.07475749690806363,0.504287310115104,0.988516445857551,1.0239316759797459,20.30083739787787,2.5246044437350705,0.07565916760295552,0.0
success,2,1.22,-13.3725,0.22502688800652743,0.047848612756698175,0.2511449639802486,0.08776653823629352,0.5952306412806382,0.9864428852542596,1.028265729854546,19.77622271599227,2.638712355907864,0.07565916760295552,0.0
success,2,1.22,-13.3475,0.22738839659482538,0.053797298178513114,0.25284332644602625,0.10066165133067902,0.6046114727381405,0.9844441113224283,1.0324933570592794,20.276181356285388,3.018587184963639,0.07565916760295552,0.0
success,2,1.22,-13.3225,0.22996159816634507,0.0606511140166175,0.2624205178987553,0.11381247143188528,0.4832074396417547,0.9822032815752264,1.0371942395401552,20.072729983254128,2.802857741514497,0.07565916760295552,0.0
success,2,1.22,-13.2975,0.23278233113306118,0.06549101863511804,0.2677151926485551,0.12720372762948637,0.40891431875297485,0.979993052004331,1.0418594238780672,19.84330634457121,2.857136178573528,0.07565916760295552,0.0
success,2,1.22,-13.2725,0.23548722079553552,0.07220994385685803,0.27964943000245607,0.1428983733633312,0.7143713505894134,0.9773561801269786,1.0474404996576037,20.242428065910833,3.1237388490107856,0.07565916760295552,0.0
success,2,1.22,-13.2475,0.23816713519832963,0.0808675417258691,0.28226558898666876,0.15790260953094512,0.6871419518163425,0.9748044081403074,1.0528732287476699,19.744793942495473,3.1419399125630427,0.07565916760295552,0.0
success,2,1.22,-13.2225,0.24148730816095387,0.0869506507713964,0.29404993705212246,0.17643892549711002,0.8887061852787751,0.9717102439416107,1.0594691329389827,19.881978690220134,3.1015500823399216,0.07565916760295552,0.0
success,2,1.22,-13.1975,0.24452989238130843,0.09502498029384249,0.29642885050226897,0.19485232453135817,0.7714854418158538,0.9686154202100719,1.0661088682047501,20.446319990023717,3.0653332872878094,0.07565916760295552,0.0
success,2,1.22,-13.1725,0.24778768116693956,0.10382710215311064,0.3019395877519718,0.21420758391095332,0.8650968063082203,0.9652430355051203,1.073350548575888,19.742089593839207,3.4091904603463106,0.07565916760295552,0.0
success,2,1.22,-13.1475,0.2512457304137984,0.11295335430333023,0.31402842239806655,0.23346778509378824,0.9294201501464279,0.961934674903304,1.0805483371762346,20.493704168742102,3.236331592053914,0.07565916760295552,0.0
success,2,1.22,-13.1225,0.25496079423220364,0.12141937557285026,0.31478066278669564,0.2524795682043702,0.6912982954829826,0.958750616620719,1.087555837986597,20.381006917122498,4.014507811443088,0.07565916760295552,0.0
success,2,1.22,-13.0975,0.258386136562331,0.13157253296591526,0.3278366779790072,0.2702937327287578,0.6143634837568858,0.9554107264953894,1.0948563355129617,20.398991071855498,3.5178778982097225,0.07565916760295552,0.0
success,2,1.22,-13.0725,0.2625119501145718,0.1416996990936925,0.33716993075335894,0.2879460524965225,1.0648962668801674,0.9523832468706708,1.10162567065522,20.270822909738392,3.9970957222262147,0.07565916760295552,0.0
success,2,1.22,-13.0475,0.26644051019540654,0.15179179974699383,0.3463923203310757,0.31024608426662736,0.7921228627697674,0.9485052071811273,1.110351353456907,19.842236658091334,3.762918345775789,0.07565916760295552,0.0
success,2,1.22,-13.0225,0.2704403830952864,0.16187064464506284,0.35958447676570526,0.33156249371246127,0.9761588523172714,0.9445918085079233,1.119144266431261,20.263623671420376,3.933239392413754,0.07565916760295552,0.0
success,2,1.22,-12.9975,0.2745319008967969,0.1732557302969352,0.3583995036963941,0.3548674173027686,1.1189702755157522,0.940478955909282,1.128547867769572,20.736960791615225,4.17821118319375,0.07565916760295552,0.0
success,2,1.22,-12.9725,0.27866730490004693,0.1837741879703688,0.36693614272504504,0.3795514997215716,0.8761241125176922,0.9359182009908722,1.1389967799259695,20.968700418505954,3.9504190959973866,0.07565916760295552,0.0
success,2,1.22,-12.9475,0.2829281482018882,0.19347404453121822,0.3770719292217233,0.40229972503875744,0.8957015919019101,0.9316885268738043,1.148804173740473,20.742381691207715,4.31591324793206,0.07565916760295552,0.0
success,2,1.22,-12.9225,0.2870747636622816,0.20365269557483323,0.38779192842550314,0.42946701402874493,1.0529849375410625,0.926553279476703,1.160791257972501,20.80881295788262,4.204251093230188,0.07565916760295552,0.0
success,2,1.22,-12.8975,0.2907488962035738,0.2140008652613821,0.3855690214181912,0.4526672565578607,1.2203253122006192,0.9213134555204554,1.1728455915513496,20.890810101871907,4.5057633687494265,0.07565916760295552,0.0
success,2,1.22,-12.8725,0.29444613582296,0.22223975985882555,0.38852566997718,0.4822109522502098,1.0065083095465615,0.9150957265728944,1.1874718656099936,21.28608932055331,4.413717267680868,0.07565916760295552,0.0
success,2,1.22,-12.8475,0.2981480102177692,0.230514138973437,0.39686808988165423,0.49809830738593913,0.8436509123407001,0.9113311724775924,1.196238826187654,21.627763074986422,4.363488006448122,0.07565916760295552,0.0
success,2,1.22,-12.8225,0.3019792440266591,0.23797566344004462,0.3925145193468211,0.518700100052098,1.156111127395273,0.9070496998968351,1.2062389631773325,21.27360298028711,4.510644233052344,0.07565916760295552,0.0
success,2,1.22,-12.7975,0.30557291072364406,0.24392484159684258,0.39410179940361884,0.5471981094405507,0.7952601061255654,0.9017004488400662,1.2188285845036,21.424875890790865,4.385725968837692,0.07565916760295552,0.0
success,2,1.22,-12.7725,0.30930954690580065,0.25147876614346976,0.39696574328560674,0.566123877146869,0.5689452310908805,0.8985084671663564,1.22615386639147,21.384186656371565,4.550035454159695,0.07565916760295552,0.0
success,2,1.22,-12.7475,0.3127211133217921,0.2566632168468962,0.3990350986708642,0.582411087386317,0.9997250759211642,0.8956584501115656,1.2327827554823032,21.60783708791639,4.538027520642404,0.07565916760295552,0.0
success,2,1.22,-12.7225,0.3162886389212901,0.2619438863674654,0.40263600865982446,0.6073484727291889,1.1474120427204033,0.890976323303925,1.2439710889506352,21.866499922899926,4.537267758697926,0.07565916760295552,0.0
success,2,1.22,-12.6975,0.3192974843273892,0.2682203032430429,0.4042979438483909,0.6293182133148473,0.8912841579585159,0.886952916521308,1.2536051685378977,21.932619315384603,4.582896221956634,0.07565916760295552,0.0
success,2,1.22,-12.6725,0.32304317401351856,0.2719623630994767,0.40797736843047133,0.641115875793775,0.3696786611287857,0.8844754313926824,1.259609682880778,21.956955667562045,4.619580516887858,0.07565916760295552,0.0
success,2,1.22,-12.6475,0.3261969609656878,0.27525401902808405,0.403360694100292,0.6535272810790128,0.7082581081267657,0.8814473280842402,1.267194934679757,22.216950317088397,4.659217658893194,0.07565916760295552,0.0
success,2,1.22,-12.6225,0.32894606612217747,0.2813163210502095,0.4085985148269994,0.661020943889945,0.6534471423956851,0.8797614129876379,1.2711874982887383,21.827008526190838,4.678589617448308,0.07565916760295552,0.0
success,2,1.22,-12.5975,0.3324077260451671,0.2845440745649577,0.4008366126879934,0.6658925477240132,0.4923931467976908,0.8784736258023518,1.2742617489770054,22.386418437950194,4.740594486925144,0.07565916760295552,0.0
success,2,1.22,-12.5725,0.3353731902451682,0.28807596654631784,0.40067251363961637,0.6692314947333036,0.5552347071710867,0.8770300184536356,1.2778893567808356,21.98331256470159,4.745665905710755,0.07565916760295552,0.0
success,2,1.22,-12.5475,0.3387111289897207,0.293177854105566,0.3949646085362509,0.6687601035473711,0.5083191322722345,0.8773682026243425,1.2765717099948077,21.685656044982508,4.775576368792314,0.07565916760295552,0.0
success,2,1.22,-12.5225,0.3424619227177496,0.2971846037966632,0.39762649532676136,0.6723670286853382,0.4757693006726241,0.8768997869700723,1.2772546986985311,21.79647810121812,4.739422583705417,0.07565916760295552,0.0
success,2,1.22,-12.4975,0.3455568142987064,0.30031323181048686,0.38762474006761205,0.6756939691843254,0.7009267725875685,0.8768210169605329,1.2767577028530077,21.863512593339365,4.798034679142239,0.07565916760295552,0.0
success,2,1.22,-12.4725,0.349233478193984,0.30446357550778186,0.3904434848726433,0.6787262714998639,0.6815141046120267,0.8764018753743409,1.277271070117742,21.662568267516093,4.790310985500639,0.07565916760295552,0.0
success,2,1.22,-12.4475,0.35316793655259127,0.30806625651704606,0.3787751009902096,0.6793012751548028,0.6441354103194967,0.8767368597239964,1.275687293942168,21.535113326038562,4.824484021980438,0.07565916760295552,0.0
success,2,1.22,-12.4225,0.35734878603058623,0.3108964951636768,0.37508892982791237,0.6812277574182604,0.7273054964726354,0.876424024749866,1.2759138291140184,21.35439117368731,4.824827730171002,0.07565916760295552,0.0
success,2,1.22,-12.3975,0.36162092643480953,0.31603995043578886,0.3657345762933339,0.6777335843875754,1.0238347152279152,0.8779001176899676,1.2710988192761028,20.884143581139973,4.842178492046367,0.07565916760295552,0.0
success,2,1.22,-12.3725,0.36621951079350407,0.3223619187696313,0.3709386465097601,0.6773824563901019,1.055578968881731,0.8782503767600439,1.2693335914901513,21.0922252393422,4.793717623779637,0.07565916760295552,0.0
success,2,1.22,-12.3475,0.37061778390090616,0.3232590327819071,0.35984180723486436,0.6732373922969742,0.9121264597489448,0.8791713704335299,1.2659395053056048,21.178613530975596,4.810357338637722,0.07565916760295552,0.0
success,2,1.22,-12.3225,0.37573848020687733,0.32770346294709995,0.35363398362288756,0.6734405450306378,1.5668916822076948,0.8785223374256503,1.2669427567052807,21.226961136770633,4.802207448867893,0.07565916760295552,0.0
success,2,1.22,-12.2975,0.38069679403673606,0.3331846537466752,0.3448570728441231,0.672901984873677,1.380371234786808,0.8784136236789764,1.2661169258423373,20.87470875761873,4.808975401076682,0.07565916760295552,0.0
success,2,1.22,-12.2725,0.3863078088844615,0.33758514554371205,0.34945084784754776,0.6752026928385442,1.139849705723255,0.8777219737912062,1.2665363196170436,20.605365434247265,4.759251845533006,0.07565916760295552,0.0
success,2,1.22,-12.247499999999999,0.3918418844732354,0.3428667923542896,0.3367171039120451,0.6716556338405887,0.5818976936997754,0.8778091520051846,1.2649084092202023,20.827892354507373,4.7699316664274845,0.07565916760295552,0.0
success,2,1.22,-12.2225,0.39773696016042576,0.3453777433460032,0.33191343030056913,0.6698208727900095,2.1823153563406263,0.8774000744735825,1.264494701722666,20.270064229348122,4.753478534187469,0.07565916760295552,0.0
success,2,1.22,-12.1975,0.4036953817159143,0.349726936100202,0.3304456814829382,0.6659343832132395,1.450100822641298,0.8774711470815236,1.2619019342967543,20.92748409233212,4.7299637521065065,0.07565916760295552,0.0026417911860246216
success,2,1.22,-12.1725,0.40946881874824825,0.35503729115173016,0.3323173293016305,0.6662532463988903,1.2624262143031453,0.8763897435809281,1.263040556088273,20.81432755003046,4.713802370430016,0.07565916760295552,0.01774782468754897
success,2,1.22,-12.1475,0.41547739788151256,0.35962841887235764,0.3310113440363137,0.6716088654049402,0.2707836111163525,0.8747087764005378,1.265747173576712,20.82179845714396,4.714601201427123,0.07565916760295552,0.0453781799954884
success,2,1.22,-12.122499999999999,0.42182152373293746,0.3620118787995038,0.3364378273718474,0.6735029719561323,0.6971066433238513,0.8731042207446534,1.2689066051135054,20.962094537965303,4.710165137912767,0.07565916760295552,0.08469765094034967
success,2,1.22,-12.0975,0.42775293807412335,0.3670734313301532,0.3407256975074305,0.6772085709463646,1.002926513031421,0.8714924970067897,1.2711050009446228,21.05047251332051,4.717053812966822,0.07565916760295552,0.13482975988076437
success,2,1.22,-12.0725,0.4337640632597722,0.370287034474778,0.34089948183573276,0.6803198103531055,1.1874836112837936,0.8699627382855983,1.2741314345414285,21.2442156120344,4.614508708185515,0.07565916760295552,0.19499471246905456
success,2,1.22,-12.0475,0.43951994035460323,0.3747439504672999,0.33939755868036414,0.6828286014127829,0.6295999696402154,0.8682734023122031,1.277670383299215,20.9988780936298,4.665710258818205,0.07565916760295552,0.26438569536887907
success,2,1.22,-12.0225,0.4447569071853697,0.37895219841801775,0.34474929311500424,0.6844171928440662,0.9108021545504421,0.8668574061124575,1.2806154572755915,21.536057570441233,4.681480735428129,0.07565916760295552,0.3420739271277546
success,2,1.22,-11.997499999999999,0.45048856093432543,0.3807638444422241,0.3407622404331001,0.6853089827376008,0.5590705448520055,0.8656800610865244,1.2825884055056895,21.602051713497847,4.547085014293181,0.07565916760295552,0.427349881840856
success,2,1.22,-11.9725,0.4562861076985884,0.38434600571938743,0.3298064939429418,0.6860278443477059,0.6992426802886756,0.8631727072544189,1.2895302714331918,21.239309437024385,4.712794542804068,0.07565916760295552,0.5194060018772744
success,2,1.22,-11.9475,0.46152206030152493,0.3868562101283535,0.3151440813439307,0.6858239539181685,0.7241633898394937,0.8620143217544288,1.2923964720272694,20.933474333456395,4.765754338183973,0.07565916760295552,0.6174243115408947
success,2,1.22,-11.9225,0.46701681303300435,0.3906181406731358,0.30976217189131067,0.6860681525403013,0.6711465681990333,0.8613799025116554,1.2937902427945325,20.782099465888166,4.768530818238113,0.07565916760295552,0.7207570605872373
success,2,1.22,-11.8975,0.4723627362556891,0.3929057586426645,0.30582655430309047,0.6805269060469842,0.8580370561364778,0.8627288785666429,1.290090729802514,21.256579337210468,4.755029846869645,0.07565916760295552,0.8290826551154516
success,2,1.22,-11.872499999999999,0.47752526012278335,0.3961312065408134,0.30372200841009994,0.6773736855897327,0.6970842846630063,0.8635359337247578,1.288117661549256,21.313921878021524,5.006119028567468,0.07565916760295552,0.9416806485027429
success,2,1.22,-11.8475,0.4826376007983695,0.40113095411407174,0.30371243069667075,0.6795703582284749,0.7021848254675398,0.865202751053943,1.2840697775653538,21.4517460729813,4.838542692662676,0.07565916760295552,1.058224043659846
success,2,1.22,-11.8225,0.48764121489201034,0.401080381891177,0.30846838388592474,0.6808090340921734,0.8105621490017537,0.8666194257241816,1.280996305367365,21.697078280415845,4.8415351310668875,0.07565916760295552,1.178148103592543
success,2,1.22,-11.7975,0.49239995002221576,0.4053579476918828,0.3080107111373347,0.6816200888363682,0.7240935609237845,0.8684270863181636,1.276948446273337,22.201582917482757,4.834849584103443,0.07565916760295552,1.3009357928797478
success,2,1.22,-11.7725,0.4972629986057496,0.4078168773938701,0.3141568067464488,0.6821854925310014,0.6788582743717094,0.8697019820076225,1.2743805276047104,22.039426874916156,4.659258046387695,0.07565916760295552,1.4262767595771855
success,2,1.22,-11.747499999999999,0.5011811021854998,0.41096884482253493,0.32273425083155854,0.6823381681807268,0.5977410297767045,0.8703648249197601,1.2733908431935728,22.60685149530591,4.7015512895170914,0.07565916760295552,1.553576107909224
success,2,1.22,-11.7225,0.5048114102431493,0.4111560956713509,0.33021954563323896,0.6829907470274659,0.527706704580438,0.8696005255859743,1.275907356645284,22.537827597448967,4.715671481773153,0.07565916760295552,1.6824349390375841
success,2,1.22,-11.6975,0.5083726688798348,0.41273503311459087,0.33392464930964766,0.683160661558299,0.5656219220829832,0.8673742222565217,1.2820455542378983,22.576567267373857,4.638386935988881,0.07565916760295552,1.8123062434289703
success,2,1.22,-11.6725,0.5120050967491612,0.4168792279705472,0.34290152710847926,0.6833208207931817,0.5637993903261365,0.8670273859665706,1.28312322690513,22.015980023894116,4.628691812223504,0.07565916760295552,1.9426902155470047
success,2,1.22,-11.6475,0.5150196003645595,0.4177170534217424,0.3435003812384818,0.6837156006071836,0.4719333076422189,0.8658334188668845,1.2863323909991162,22.125769250825467,4.6296731378111335,0.07565916760295552,2.073071911128117
success,2,1.22,-11.622499999999999,0.5183732261723454,0.4183127981747906,0.34518911072642255,0.6839632155305473,0.5684112455301739,0.8653179974780824,1.287724085380234,21.885668374237643,4.728089886333373,0.07565916760295552,2.203219032784739
success,2,1.22,-11.5975,0.5215325514515372,0.41908831388245515,0.34564714127352253,0.6840807207264991,0.33606728414075104,0.8647515776194201,1.2894195567371987,21.86925956389125,4.696137123948041,0.07565916760295552,2.3329315978323835
success,2,1.22,-11.5725,0.5251776588386017,0.4208068849726808,0.3433930898859008,0.6841905213869713,0.7256312432812551,0.866031375451102,1.2861610797349279,21.98194196567961,4.667875445999987,0.07565916760295552,2.4616881002582747
success,2,1.22,-11.5475,0.5276765555891306,0.421191933491326,0.3468602966853087,0.6844182225899309,0.7820505425676134,0.8682876362854158,1.2803663310098465,21.741116840244473,4.705421416530108,0.07565916760295552,2.589493944431099
success,2,1.22,-11.5225,0.5309049379892262,0.423129249233097,0.345350814291584,0.6844694430958683,0.5762715129322064,0.8701729926595101,1.2756982896292952,22.24119880909016,4.731753528048756,0.07565916760295552,2.7159140018304835
success,2,1.22,-11.497499999999999,0.5332344723799727,0.4219432600122063,0.34675111936698527,0.6843760675596776,0.7191462538293931,0.8727945294197139,1.2690444690515574,21.99863643385088,4.647669938261976,0.07565916760295552,2.8408697077365566
success,2,1.22,-11.4725,0.5360640362842535,0.4220660736699453,0.34802398956367114,0.6845717543910107,0.8984198913962971,0.8749943986219133,1.263958996160609,21.930093645645172,4.5975054434499025,0.07565916760295552,2.964070572933204
success,2,1.22,-11.4475,0.5385532594969094,0.4214315396867768,0.35385632759386687,0.6845678317231937,0.35832311677637585,0.8762970062656614,1.261483805746701,22.500210922091807,4.799031830879695,0.07565916760295552,3.0853907667919294
success,2,1.22,-11.4225,0.5408128434749617,0.4213775482511234,0.36532890592338746,0.6846229997609172,0.5415402651599682,0.8782104938231663,1.258797750157776,22.591721162199924,4.657903680961986,0.07565916760295552,3.204787713565224
success,2,1.22,-11.3975,0.5431452710942558,0.4204469365833355,0.37252720534848976,0.6848313176215931,0.13255140280368644,0.8780330492987258,1.2592464905456258,22.756249498651737,4.626443555935047,0.07565916760295552,3.321964931121531
success,2,1.22,-11.372499999999999,0.5454948455386467,0.4197415053201149,0.3852050671350977,0.6853098596958578,0.16869796154113356,0.8777102894733407,1.259792216937239,22.54964455231466,4.569741433094467,0.07565916760295552,3.436765591735501
success,2,1.22,-11.3475,0.5472989210524459,0.4183058714005112,0.3795631109562917,0.6856571510845546,0.412928393931582,0.8767420269120124,1.2612124137611234,22.577433838879408,4.64764138711543,0.07565916760295552,3.5490512037282604
success,2,1.22,-11.3225,0.5495062270975011,0.4161566170236167,0.37473528457893657,0.6856987831322097,0.12366184634895712,0.8746625081323357,1.2645494163366724,22.89527179725309,4.76546027498795,0.07565916760295552,3.658624455480642
success,2,1.22,-11.2975,0.5507754214971904,0.41206989048343895,0.3752443979556849,0.6858637264746068,0.6185250269875764,0.8768456244599935,1.2610035513019275,22.9873749803552,4.773956142057068,0.07565916760295552,3.7115819022671412
failure,2,1.24,-14.9975,0.22887432790044707,0.0004078180750914209,0.0,4.4621695706571974e-05,0.0,0.9999943810320819,1.0000117573540324,47.011787322767475,0.060375405311518804,0.07565916760295552,0.0
failure,2,1.24,-14.9725,0.22553059547834392,0.0009440419749087487,0.11192844337938145,0.00034087405442586276,0.09162152354553134,0.9999520598169035,1.0000976954452183,36.305665582488274,0.8045889236682483,0.07565916760295552,0.0
failure,2,1.24,-14.9475,0.21839677904310464,0.002447852284085887,0.1890364113910988,0.0011807872864993902,0.11752538038616846,0.9998642375711807,1.000298489383983,25.039251062905397,2.0074606860356363,0.07565916760295552,0.0
failure,2,1.24,-14.9225,0.2101341074191102,0.006149521555503668,0.22699839863651156,0.0006327404987974302,0.1909989923946835,0.9999077725261524,1.0001884153426348,18.715578462697113,1.2802852874923838,0.07565916760295552,0.0
failure,2,1.24,-14.8975,0.20654016466968741,0.003463548499513116,0.21789021793856939,0.004605180529984468,0.18681554217027205,0.9992918626852433,1.0013824549558816,7.818420181566293,1.3861521787405653,0.07565916760295552,0.0
failure,2,1.24,-14.8725,0.20764657653271762,0.004480405578820673,0.18189653352050564,0.009233208221184801,0.1401292142931666,0.998536756496817,1.0028893849034461,11.75915861691845,2.103823354905315,0.07565916760295552,0.0
failure,2,1.24,-14.8475,0.20837781039632045,0.0025337771207318525,0.17176430077803664,0.02596179003469728,1.1220218872010146,0.995957554117034,1.0080136174890275,15.81180844116212,1.752638238456926,0.07565916760295552,0.0
failure,2,1.24,-14.8225,0.20892861700170887,0.0019250953958377087,0.1812463408155219,0.022716947731740836,0.6895092140555834,0.9963495752671934,1.0071780885634996,14.758153488637639,1.6058171049138885,0.07565916760295552,0.0
failure,2,1.24,-14.7975,0.20906136399237046,0.0033874694723255985,0.17286563166461166,0.006940122655676738,0.5660848266593002,0.99886480930754,1.0021374784024242,15.60235217857681,1.315652286542759,0.07565916760295552,0.0
failure,2,1.24,-14.7725,0.2095975337038243,0.0023592096970717976,0.1766504323302889,0.003438486625741986,0.12500117037029201,0.9995187096261942,1.000829698610815,15.617672434781433,1.4181884285622897,0.07565916760295552,0.0
failure,2,1.24,-14.7475,0.2088688865481608,0.0025818650741658944,0.17748519454454692,0.002804883303737105,0.20534277325367253,0.9998104927441432,1.0003636777497569,15.027554994179441,1.9842274768775996,0.07565916760295552,0.0
failure,2,1.24,-14.7225,0.2089767048945434,0.0022215279651303134,0.17781545411131083,0.006941763647746682,0.40526386566974765,0.9989074519351501,1.0020621242654757,15.06534686413417,1.4568283279029044,0.07565916760295552,0.0
failure,2,1.24,-14.6975,0.2090025916190894,0.002796414800220881,0.17693597178877185,0.006227596451414337,0.17572647396011865,0.9990480508525361,1.00177900028278,15.438276003737593,1.605555245039473,0.07565916760295552,0.0
failure,2,1.24,-14.6725,0.20896931766215784,0.0024657069619550246,0.17651540637660562,0.004127868665987217,0.1430233488650044,0.999608305126965,1.0008996237376437,15.333966029126795,1.8691891897669817,0.07565916760295552,0.0
failure,2,1.24,-14.6475,0.20937791812596163,0.00210042826593098,0.1766044331834381,0.004766360192182093,0.1947771921231538,0.9994656850774639,1.0011570889551362,14.963214973790537,1.57897544084367,0.07565916760295552,0.0
failure,2,1.24,-14.6225,0.20938374441429775,0.0019695668762925215,0.17655621605180954,0.004398879011551063,0.0349442597273193,0.9995492724145337,1.0010222749336277,15.540759148637402,1.5376215051308033,0.07565916760295552,0.0
failure,2,1.24,-14.5975,0.2090595520704474,0.0018901864160474542,0.17868052496294845,0.003757225281355281,0.25301636105386704,0.9995254565198134,1.000838991150067,15.500088730042869,1.6023663511828907,0.07565916760295552,0.0
failure,2,1.24,-14.5725,0.20936281836114592,0.0029635674601300715,0.17778693879801144,0.0040654056261487815,0.12187129334438729,0.9995388056554768,1.0009723133633466,15.668640623244084,1.601771895858518,0.07565916760295552,0.0
failure,2,1.24,-14.5475,0.2094746729818386,0.002524131478834755,0.17768006052346685,0.003166361603113317,0.17051960703734667,0.9997635759282739,1.0005921035825847,15.95564795330469,1.5575072031297577,0.07565916760295552,0.0
failure,2,1.24,-14.5225,0.2092153164395629,0.001854833236050672,0.17736873831869404,0.003875727793961926,0.13078340600628444,0.9996492564972489,1.000831019000327,15.711523809129782,1.628343684503973,0.07565916760295552,0.0
failure,2,1.24,-14.4975,0.20935855541861037,0.0021115198256700346,0.17925705922171375,0.0036704383205101968,0.043228031320975205,0.9996765668549215,1.0007747958897786,15.460364737358924,1.7394096478999823,0.07565916760295552,0.0
failure,2,1.24,-14.4725,0.20903428244936542,0.0019226034982978463,0.18107906904611873,0.004284913647033451,0.04602292614827079,0.9995667210655919,1.0009862124016715,15.410289024335556,1.5437443797522181,0.07565916760295552,0.0
failure,2,1.24,-14.4475,0.2094798975810594,0.0009868441117790836,0.17963299771114266,0.004039995042313002,0.11850085341698804,0.9995849090662695,1.0009418152832974,15.744198353558907,1.8985000641680028,0.07565916760295552,0.0
failure,2,1.24,-14.4225,0.20907949957656577,0.001751763450140106,0.1800926997038195,0.003620379517215394,0.12001828696776409,0.9996744152404893,1.0007718994431558,15.706100870454003,1.6988060974477313,0.07565916760295552,0.0
failure,2,1.24,-14.3975,0.2090435973805738,0.002659787164102507,0.18023997756614635,0.004240652925012873,0.14436032619912767,0.9995344645788273,1.0010431310253654,16.349025796612676,1.5219552207467772,0.07565916760295552,0.0
failure,2,1.24,-14.3725,0.2092938681835007,0.0019706954990077012,0.1824537660836888,0.0030775987595192886,0.11956237304046205,0.999705251921654,1.000690291351402,16.136717459463636,1.8489568180353373,0.07565916760295552,0.0
failure,2,1.24,-14.3475,0.20922590657830312,0.0025312461841751938,0.18430553893470825,0.0033805485283662563,0.05780915363753771,0.9996776210944442,1.000749655861266,15.950232218033939,1.5557534876829158,0.07565916760295552,0.0
failure,2,1.24,-14.3225,0.20947519450626417,0.0020633442276526267,0.18454500706971758,0.0036203429754279952,0.13839242268966373,0.9996413461914719,1.0008256101210904,16.047585240835318,1.7221304954984797,0.07565916760295552,0.0
failure,2,1.24,-14.2975,0.2090979935862907,0.0021286605501596293,0.18801508402949088,0.003241252025896167,0.13048129606013942,0.9995902498656464,1.0007723105281834,16.278589014443984,1.8740517044544722,0.07565916760295552,0.0
failure,2,1.24,-14.2725,0.2091711287135153,0.002602586809752741,0.18705022305707414,0.004092828785623962,0.22951889479384827,0.9994648578196934,1.0009536050909287,16.532255793270807,1.498635100817404,0.07565916760295552,0.0
failure,2,1.24,-14.2475,0.20915700206443766,0.0015844476922730645,0.18631371322914572,0.003768761639706259,0.09124622519024021,0.999516720812217,1.0009464351222896,16.341388697045584,1.4345255972659132,0.07565916760295552,0.0
failure,2,1.24,-14.2225,0.20905539330005693,0.0021495532962042298,0.18659883395267923,0.0038389377530451446,0.10183683604044763,0.9994918942821334,1.0009657791367519,16.638074924667375,1.9818563210652238,0.07565916760295552,0.0
failure,2,1.24,-14.1975,0.208944091491498,0.0016541748864486424,0.1905687569886961,0.0049386923318158905,0.13242879280676367,0.9993239320486015,1.0012451816125816,16.130180185493458,1.908860335991507,0.07565916760295552,0.0
failure,2,1.24,-14.1725,0.20916196978925716,0.0021949874787640477,0.1914495571425603,0.005739277268872807,0.13468144097139062,0.9991798714562893,1.0015303656063612,16.53346358077214,1.9489035794665563,0.07565916760295552,0.0
failure,2,1.24,-14.1475,0.20910753902061352,0.0016623543634143824,0.191832746456276,0.0066903322276198815,0.06478840129020876,0.9990269832875874,1.001834435790888,16.647136771691333,1.7748043002973226,0.07565916760295552,0.0
failure,2,1.24,-14.1225,0.2092982243573677,0.0009365476357002446,0.19378954366738704,0.007014419101570061,0.1289750222041249,0.9989776542474593,1.0019337006524538,17.191670065056496,1.7012851326418423,0.07565916760295552,0.0
failure,2,1.24,-14.0975,0.2090229131115754,0.0022990574222494435,0.1963279861214878,0.007290985841608724,0.033125607414418626,0.9989019684471302,1.002095416949262,17.1046124181796,2.091346913863645,0.07565916760295552,0.0
failure,2,1.24,-14.0725,0.20889513378020844,0.0017767521547773421,0.19291273065889264,0.007656815752421693,0.10618955628196726,0.9988310862138693,1.0022498679917888,17.550780441193343,1.691735609452671,0.07565916760295552,0.0
failure,2,1.24,-14.0475,0.2091710933216593,0.0016661742253552168,0.19587481433750425,0.007017988843642021,0.05165540461630544,0.9989353925992517,1.0020408450874476,17.456328385773084,1.9017360030768296,0.07565916760295552,0.0
failure,2,1.24,-14.0225,0.20936984874016248,0.0019906302394918484,0.19913828652185647,0.00805428856254106,0.049155615596740344,0.9987801472765366,1.002349305600423,17.241507055740723,1.9582365107771535,0.07565916760295552,0.0
failure,2,1.24,-13.9975,0.20913404668398952,0.0021960264327665715,0.1977186224192269,0.009137122026452784,0.05494500392251543,0.9985942500574903,1.0027188505301627,17.639944111289815,1.783333632834787,0.07565916760295552,0.0
failure,2,1.24,-13.9725,0.20950652448051152,0.0010465386011977076,0.20159003613557178,0.009422178496997516,0.09580862105205933,0.9985403917017965,1.0028286308388894,17.59972670153091,1.9429463174979411,0.07565916760295552,0.0
failure,2,1.24,-13.9475,0.20934014951394198,0.0015109956584373402,0.20047220613646402,0.009153202345535337,0.11699213364164028,0.9985850651209723,1.0027445188334567,17.844276858863395,2.0461994336501266,0.07565916760295552,0.0
failure,2,1.24,-13.9225,0.20949320159763068,0.0016386522254851817,0.20371928158168426,0.010717009118723279,0.13355507855959578,0.9983388561892226,1.0032297015401577,18.02395899688599,1.7782204674903908,0.07565916760295552,0.0
failure,2,1.24,-13.8975,0.2092255726207772,0.0022829017930780402,0.20347912716115232,0.01093798553194904,0.12009204966138064,0.9982848561773616,1.0033331343077463,18.27946183256186,2.026885882230167,0.07565916760295552,0.0
failure,2,1.24,-13.8725,0.20933275914940638,0.0020579424017329647,0.2095361357318941,0.011747957005193186,0.06546325776393397,0.9981807008049899,1.0035422924787092,18.583201772992442,1.9928369070467535,0.07565916760295552,0.0
failure,2,1.24,-13.8475,0.2091142448385173,0.00324147763985022,0.20886529337581905,0.012281706488882705,0.07519242574646821,0.9980907601829108,1.003725355771348,18.319597861755298,2.085131979449433,0.07565916760295552,0.0
failure,2,1.24,-13.8225,0.20937231072363136,0.0022727518955009147,0.20946373262542933,0.011430533904963892,0.16907271833592577,0.9982119687356938,1.0034901007775068,18.4508640626187,1.8901464840070374,0.07565916760295552,0.0
failure,2,1.24,-13.7975,0.20930279921615794,0.001835732279627529,0.21202578515165552,0.013341326399334111,0.12759250924682103,0.9978825206222941,1.0041508529989842,18.8658759284595,2.1769116679368086,0.07565916760295552,0.0
failure,2,1.24,-13.7725,0.20904437355448707,0.0010706726658914721,0.21848733021929484,0.013780051443020911,0.039968385498408115,0.9978447247323758,1.0042143815056692,19.3888694795317,2.1035810123716496,0.07565916760295552,0.0
failure,2,1.24,-13.7475,0.20949045446942965,0.0011936367930403791,0.22133329541942173,0.013890404665404804,0.07230989323081717,0.9978271657105202,1.0042498688779693,18.873073536767546,1.9810284251283246,0.07565916760295552,0.0
failure,2,1.24,-13.7225,0.20948656302927707,0.0023942643661492183,0.21737175496020245,0.01412270461164628,0.20641702534366452,0.9977656642332654,1.0043859857490796,19.144117456059277,1.993410878639815,0.07565916760295552,0.0
failure,2,1.24,-13.6975,0.21007313989103485,0.0036856708021973154,0.2309467865944309,0.014987630266955822,0.1325650816328107,0.9975847276521067,1.0047627324743738,19.283320948483272,2.0463350752107563,0.07565916760295552,0.0
failure,2,1.24,-13.6725,0.21042095373491537,0.004324833644761684,0.22951317831700216,0.01581476385241914,0.11789356083855151,0.9974234598416124,1.0051180289942376,18.906708233125205,1.9461401903974394,0.07565916760295552,0.0
failure,2,1.24,-13.6475,0.2106661054592718,0.00650847573875276,0.23127675871268694,0.017383709376957403,0.13235923155817464,0.9971330643745004,1.0057305706639894,19.762060881756405,2.1231508706804756,0.07565916760295552,0.0
failure,2,1.24,-13.6225,0.21157901604802196,0.00824642464958544,0.23750522136382304,0.02026067251943987,0.2840140162892298,0.996636480102356,1.006765270940999,19.252021952071647,1.9882854865610924,0.07565916760295552,0.0
failure,2,1.24,-13.5975,0.21209712583343934,0.011500513929754387,0.24068931253226583,0.023294736498755506,0.19514528092606784,0.9961916776765505,1.0076946791063042,19.352037432682227,2.1696319860787883,0.07565916760295552,0.0
failure,2,1.24,-13.5725,0.2133164258325117,0.013797818776499665,0.24885513807966347,0.02786736682588794,0.23941430975234812,0.9955015649554215,1.0091339262635692,19.131287663588704,2.3450749286363726,0.07565916760295552,0.0
failure,2,1.24,-13.5475,0.21410055075075263,0.017238929524234847,0.24832992316531158,0.031561147756261065,0.2503045489953597,0.9949995577129951,1.010219090706428,19.40328032609384,2.379700849992019,0.07565916760295552,0.0
failure,2,1.24,-13.5225,0.21558726161587444,0.021148315936765177,0.2485447093412807,0.03620940043218928,0.28971983287825953,0.9943032657496865,1.0116839218927647,19.25979590567251,2.4540335532910746,0.07565916760295552,0.0
failure,2,1.24,-13.4975,0.21702978814276924,0.02542186067524311,0.24810506823596132,0.042439215190789685,0.23840387969423807,0.9934317024298764,1.0135508193970777,19.738939496251383,2.570289061075312,0.07565916760295552,0.0
failure,2,1.24,-13.4725,0.21861959422661537,0.028859603575648866,0.24573788523633042,0.04882641467626038,0.31196680900595175,0.9924636810928892,1.0155953496489085,19.37741039264355,2.6583366541594686,0.07565916760295552,0.0
failure,2,1.24,-13.4475,0.2203722712568602,0.03319635974793278,0.24974794376708226,0.05743848061788917,0.3164336306394696,0.9911610850513135,1.0183465416113682,19.55879291449516,2.6348420207464027,0.07565916760295552,0.0
failure,2,1.24,-13.4225,0.22235903961104284,0.03710584130636421,0.2416972459937233,0.06627957527542383,0.2865517574779907,0.9898060414525476,1.0211929406698361,19.38297619085714,2.553379652840938,0.07565916760295552,0.0
failure,2,1.24,-13.3975,0.22418812942310867,0.0441484765811252,0.24405381591156725,0.07675503815980259,0.5101312472802282,0.9881720589626267,1.0246411158557676,20.274000718956497,2.5297881817827457,0.07565916760295552,0.0
failure,2,1.24,-13.3725,0.22673599407172249,0.048578742804051986,0.2513437875757112,0.08990321264651177,0.6013572397292086,0.9860717069365507,1.0290328493709724,19.749840480062215,2.644307979589491,0.07565916760295552,0.0
failure,2,1.24,-13.3475,0.22909765029150747,0.054567483562247936,0.25303123031820324,0.10290165547075295,0.6093901422868966,0.9840535068961421,1.033303937343108,20.24872266924957,3.0243329797306107,0.07565916760295552,0.0
failure,2,1.24,-13.3225,0.23166961616293302,0.061449204188008956,0.26260461791107337,0.11613726645647474,0.48840171106572516,0.9817935495571125,1.0380479405588392,20.045745137231563,2.808622922302881,0.07565916760295552,0.0
failure,2,1.24,-13.2975,0.23448751221069167,0.06631926866458514,0.2678925856542271,0.12960523774602753,0.41060195215764184,0.979567127619563,1.0427507851312847,19.817447912578572,2.862949651268104,0.07565916760295552,0.0
failure,2,1.24,-13.2725,0.23718719000581445,0.0730561525373082,0.2798343410305857,0.14539754825501103,0.718518059634031,0.9769084576495913,1.0483821957142165,20.220502085471367,3.129469900544471,0.07565916760295552,0.0
failure,2,1.24,-13.2475,0.23986086561439354,0.081719311187109,0.28226596437794205,0.16046220342997672,0.6909243191056389,0.9743416590557956,1.053851537213659,19.73002751695458,3.150813673994705,0.07565916760295552,0.0
failure,2,1.24,-13.2225,0.24317257307806245,0.08778766062088632,0.2948553740866983,0.1790896314468669,0.893507193761356,0.9712267185290159,1.0604974349756908,19.849552270681368,3.102388098700777,0.07565916760295552,0.0
failure,2,1.24,-13.1975,0.24620388600608306,0.09585899358085574,0.2965468763171991,0.19752177105432206,0.7785251220673411,0.9681168695388183,1.0671723457597373,20.407587874162598,3.0673919825741334,0.07565916760295552,0.0
failure,2,1.24,-13.1725,0.2494416484211403,0.10468592471657248,0.302085618695903,0.21727683404495565,0.8728608930943158,0.9646805046837906,1.0745618813137712,19.716895267506892,3.4138176871759263,0.07565916760295552,0.0
failure,2,1.24,-13.1475,0.25288154424290576,0.11381781643371265,0.31402328792248363,0.23639321065676053,0.9103451802824493,0.9613825181804124,1.0817439290767448,20.47811621667192,3.245445537053223,0.07565916760295552,0.0
failure,2,1.24,-13.1225,0.256583931661611,0.12225535594054018,0.3151496123775987,0.2552627781915389,0.6703342692667259,0.9582027534075424,1.0887434696330034,20.271301942245145,3.966961596292528,0.07565916760295552,0.0
failure,2,1.24,-13.0975,0.25998902120879486,0.13242448192530504,0.32722567542549397,0.2731930161861751,0.6199324728817358,0.9548375731359536,1.0961094658680002,20.41158787732182,3.5626918897089572,0.07565916760295552,0.0
failure,2,1.24,-13.0725,0.2640745482700654,0.14266110729537923,0.3373973430101522,0.290818575444492,0.9767211726316061,0.951813726057657,1.1028833536164495,20.280213833647043,4.012529425540454,0.07565916760295552,0.0
failure,2,1.24,-13.0475,0.2679816520130388,0.1527601762586776,0.347338582838955,0.3116726356846306,0.657274748522393,0.948118303743489,1.11119341562344,19.687772685432034,3.695531054212144,0.07565916760295552,0.0
failure,2,1.24,-13.0225,0.2719929161632271,0.1626816786794132,0.3543280776326436,0.3339216677848601,1.0000954267848519,0.9440855415197931,1.1202859494468012,20.363082638967036,4.0479866481539934,0.07565916760295552,0.0
failure,2,1.24,-12.9975,0.2760157909378833,0.17433397879667575,0.361499276506264,0.3570059567750948,1.0053496321104307,0.9400071263608395,1.1296275192439198,20.797743520958953,4.196507634270485,0.07565916760295552,0.0
failure,2,1.24,-12.9725,0.2800791206210251,0.1851555374608409,0.3700211864474262,0.3786416037822538,1.0017948672518258,0.9358801040425309,1.1390624974707777,21.019206911852883,3.9777533346136047,0.07565916760295552,0.0
failure,2,1.24,-12.9475,0.2842614932432022,0.1952030300048761,0.3799967010975523,0.4059796702197685,0.9992972566482451,0.9309871411514532,1.1504672042193318,20.800849131576484,4.344661034786844,0.07565916760295552,0.0
failure,2,1.24,-12.9225,0.28832953354946134,0.20575154346736715,0.39008552545436137,0.43455155340372803,1.094748947839403,0.9256189685359418,1.1630370054106391,20.854257877222384,4.243108449531502,0.07565916760295552,0.0
failure,2,1.24,-12.8975,0.2919255907612346,0.2164983262903551,0.3873749106551162,0.45811118736994444,1.2254935957777708,0.9202646195363793,1.1753798925759595,20.92593415449749,4.504551767979247,0.07565916760295552,0.0
failure,2,1.24,-12.8725,0.2955464742062919,0.22517369271350762,0.39030615321907497,0.48757377725967743,1.0176190067100048,0.9139913233769686,1.190158241591924,21.32875271054613,4.4759095793544486,0.07565916760295552,0.0
failure,2,1.24,-12.8475,0.299173808329624,0.23393511562193403,0.3991057118108088,0.5030833790481806,0.839250569680539,0.9101781144924278,1.1990264582569718,21.690315513944764,4.381663660504483,0.07565916760295552,0.0
failure,2,1.24,-12.8225,0.30292992712089095,0.24194051383278278,0.39592271056809536,0.5268114003821994,1.2706674044878106,0.9056644160510542,1.209539704347985,21.37325073051897,4.489056801412536,0.07565916760295552,0.0
failure,2,1.24,-12.7975,0.30644532962030546,0.24849800473016836,0.3971283147205185,0.5584175826853666,0.824488441990945,0.8997991589740986,1.22336101723481,21.545106229714445,4.4189084596710675,0.07565916760295552,0.0
failure,2,1.24,-12.7725,0.31010026585578215,0.2567375585856493,0.3999272152305086,0.5804015441072315,0.6614682985997417,0.8959447180818234,1.2323311903514205,21.519412273939228,4.531936338760007,0.07565916760295552,0.0
failure,2,1.24,-12.7475,0.313429125515862,0.2626839536742037,0.40115543240257884,0.5979084729457836,1.0988416117507305,0.8926638429405752,1.2400922657107616,21.73489923610938,4.53351832844759,0.07565916760295552,0.0
failure,2,1.24,-12.7225,0.316913333264199,0.2688453575920608,0.40388086742038515,0.6235155241266556,1.009100265062047,0.8876096680855163,1.252315436474778,21.978363534276756,4.554852917765074,0.07565916760295552,0.0
failure,2,1.24,-12.6975,0.3198424230737459,0.2761049539828706,0.4050032282288406,0.6432833169259766,0.7908755652932938,0.8835622518444859,1.2622081523356576,22.044978654450222,4.593460986319796,0.07565916760295552,0.0
failure,2,1.24,-12.6725,0.32351098595697436,0.28093898466377715,0.40797270952808096,0.6550778619471482,0.4353581656169996,0.8811050809587704,1.268146837704215,22.075566891436676,4.630784428544871,0.07565916760295552,0.0
failure,2,1.24,-12.6475,0.32659136759282775,0.2854497035534119,0.40389767475988547,0.664666138010444,0.7373232088837912,0.8783196487068223,1.275265215585675,22.36339829459396,4.670613706346577,0.07565916760295552,0.0
failure,2,1.24,-12.6225,0.3292658133132288,0.29287607361885676,0.4097764024028924,0.6709245843690448,0.7252707013470722,0.8767722003076712,1.2789352103454792,22.067473058923753,4.682536274282754,0.07565916760295552,0.0
failure,2,1.24,-12.5975,0.33264543906545074,0.2975569599632506,0.4031560883767104,0.6753436730854678,0.5525339829148257,0.8753249484634374,1.2825020370292595,22.706156105088148,4.7410077665626185,0.07565916760295552,0.0
failure,2,1.24,-12.5725,0.3355177764196714,0.30264269471376604,0.4036683349673821,0.6781265505028028,0.6155188066425569,0.8737374882802901,1.286596337526218,22.372252017050215,4.741385505115342,0.07565916760295552,0.0
failure,2,1.24,-12.5475,0.3387421312805836,0.3094314403719217,0.39888975620388784,0.6791906977457132,0.5604811322313182,0.8732511611713858,1.2875492920439882,22.16021276027678,4.769563060365277,0.07565916760295552,0.0
failure,2,1.24,-12.5225,0.3423616354742775,0.31520746108727016,0.40332729251508936,0.6816439027984998,0.5453496770647467,0.8724242777256458,1.2893602426343103,22.402306455944224,4.75095704496066,0.07565916760295552,0.0
failure,2,1.24,-12.4975,0.3452999826787515,0.32023673304525957,0.395303258540247,0.6835908440766525,0.7308880173156351,0.8718960272862287,1.290272713807827,22.565154569933817,4.784366268368577,0.07565916760295552,0.0
failure,2,1.24,-12.4725,0.3487898181663716,0.32640823082377235,0.4014191140721082,0.6841482243557935,0.7558110950597168,0.8709663464651648,1.2924894571178205,22.588650049371083,4.768558864780545,0.07565916760295552,0.0
failure,2,1.24,-12.4475,0.3524964014682482,0.33214260113522787,0.393747825295755,0.6850088613184623,0.6777333017809377,0.8705474876016397,1.2930742370508828,22.646087048250983,4.792825089213935,0.07565916760295552,0.0
failure,2,1.24,-12.4225,0.35640061858102956,0.3371918640679004,0.3958863913373614,0.6850647968700238,0.7349760083747784,0.8692350894765962,1.2964532539381426,22.73567848202398,4.777715495632984,0.07565916760295552,0.0
failure,2,1.24,-12.3975,0.36032887887772674,0.34472037460641536,0.39294422310328864,0.6852952624701755,0.9795557350200274,0.8688386544800747,1.2968595797029843,22.588583789051548,4.783391197370327,0.07565916760295552,0.0
failure,2,1.24,-12.3725,0.3645095769311601,0.3534711543114436,0.4054048292110959,0.685331252020832,0.94577801943384,0.8676893201941727,1.2996107564651438,23.326131873151898,4.710116579423482,0.07565916760295552,0.0
failure,2,1.24,-12.3475,0.3683995024522092,0.3568755004547728,0.40242915524334755,0.685378839156381,0.7967641372130161,0.8667934784237131,1.3014206350283757,23.7602410145115,4.725516509665261,0.07565916760295552,0.0
failure,2,1.24,-12.3225,0.3729211143787614,0.364169897168182,0.403212093839808,0.6853588439993918,1.1459878939428518,0.8658780415585857,1.3035396790980858,24.325117273711996,4.707583526681027,0.07565916760295552,0.0
failure,2,1.24,-12.2975,0.377172216060376,0.37238595484618287,0.4046910889562902,0.6852973627727597,1.0332889126431641,0.8650284405701819,1.3052778348489844,24.470686787446546,4.689928383823405,0.07565916760295552,0.0
failure,2,1.24,-12.2725,0.3819582109169205,0.3795194864493186,0.41746967360391163,0.6852500842559957,0.8488067878658435,0.8642771473835514,1.3065766879380245,25.192356987292236,4.614613847000453,0.07565916760295552,0.0
failure,2,1.24,-12.247499999999999,0.38652629135095695,0.3874183913617516,0.41210772527808054,0.6852203070772211,0.5895412898014744,0.8636988242533122,1.3073107046382533,25.882783798939176,4.604365581330377,0.07565916760295552,0.0
failure,2,1.24,-12.2225,0.3913107159299879,0.3929924953736776,0.4116191061703541,0.6853572660989434,1.461339933778085,0.8630977608682139,1.3080001482203025,26.134275507786388,4.617267721358206,0.07565916760295552,0.0
failure,2,1.24,-12.1975,0.39600639581672714,0.4001233328444683,0.41666585604520084,0.6854070850801061,1.2200492318751517,0.8623527192436283,1.3085738604608566,27.448952647586268,4.405384531437693,0.07565916760295552,0.0
failure,2,1.24,-12.1725,0.4003493906781205,0.40799149492609094,0.4145961906057795,0.685457844232753,1.083186642878565,0.8617112427565284,1.3088661800892416,27.247317300695403,4.4470298473097785,0.07565916760295552,0.00019351039877936815
failure,2,1.24,-12.1475,0.40477966255183107,0.41522644435702405,0.40859279925982184,0.6855101870240234,0.6778598558885313,0.8611204663777173,1.3091802191239164,27.076995627414377,4.314523367451513,0.07565916760295552,0.0090269576662989
failure,2,1.24,-12.122499999999999,0.4094095647995905,0.4202447089395105,0.3987348783562698,0.6858103508177767,0.477508522613812,0.8605554369962622,1.3095612591580603,26.698123826723364,4.350157270558243,0.07565916760295552,0.03018090385772523
failure,2,1.24,-12.0975,0.41354142525126314,0.42796449984370594,0.3885568602097574,0.6862457797687529,1.025479289698232,0.8601417465067637,1.3099657634076363,26.165644549167144,4.469912967230923,0.07565916760295552,0.06259543367975919
failure,2,1.24,-12.0725,0.41767782317666174,0.4337105087283411,0.36258917041505656,0.6866590969954919,0.899502049853186,0.8596894329286914,1.3103479813442866,25.281148220009936,4.353671148579521,0.07565916760295552,0.1052886193501256
failure,2,1.24,-12.0475,0.4215385001246032,0.4404868067886105,0.33921902579995894,0.6868258216412851,0.9442618895438458,0.8592927646306276,1.310701988796127,23.865839594128218,4.553675335341646,0.07565916760295552,0.15741638956759155
failure,2,1.24,-12.0225,0.42487684176378293,0.44769399141044536,0.3232962933875501,0.6871559858495868,1.781476800180747,0.8582030975883936,1.3113526753660165,23.404274020995537,4.663584631239374,0.07565916760295552,0.21824309653403295
failure,2,1.24,-11.997499999999999,0.4287487547802776,0.4525258329314772,0.31295403673908473,0.6872826301845144,1.2576763563337816,0.8570511428187366,1.3119652885744577,23.070440700720813,4.577919023252522,0.07565916760295552,0.2872628034505577
failure,2,1.24,-11.9725,0.43273690499266043,0.45970674118475185,0.3124022454151941,0.6875270654908818,0.9600101788288429,0.8562089898055144,1.312408563617898,22.21458817583524,4.759963845008307,0.07565916760295552,0.36380810210480463
failure,2,1.24,-11.9475,0.43620668584648403,0.4663796316374183,0.31400653684725816,0.6876290323846832,0.6882777133310239,0.8558914997335535,1.3121703032330871,21.96947733623701,4.801113136391439,0.07565916760295552,0.4472151379160888
failure,2,1.24,-11.9225,0.4399346589063539,0.47475118418867296,0.30864580783219325,0.6878304265944861,0.516539963355469,0.8559541345948848,1.3112265272942676,21.69598513148833,4.765261503918703,0.07565916760295552,0.5369004787428127
failure,2,1.24,-11.8975,0.44345076204466943,0.4820241715043721,0.3045642974824872,0.6878879463920391,0.4678497994742779,0.8560674905278155,1.310508018544479,22.122810369869068,4.719642287290832,0.07565916760295552,0.6325873476975485
failure,2,1.24,-11.872499999999999,0.4466840814064069,0.49087152981969306,0.3047703263762311,0.6882758161442799,0.16952514491182166,0.8555924129251986,1.3116828330081594,21.97503835847795,4.942748474437152,0.07565916760295552,0.73358088312103
failure,2,1.24,-11.8475,0.44973013005325424,0.5012150505037141,0.30955379317050474,0.6883319734427302,0.1128560305782014,0.8555002728577603,1.3118276575199226,21.90983434251146,4.776614500356309,0.07565916760295552,0.8395661863005799
failure,2,1.24,-11.8225,0.4524994566243056,0.506815385443878,0.30804239407250666,0.6883591923704186,0.13846206265789007,0.8551935747598862,1.312677173680668,21.726086440764572,4.7696537771116,0.07565916760295552,0.9499775652326259
failure,2,1.24,-11.7975,0.4548308750458718,0.5166198779679099,0.3163977537354496,0.68827579972377,0.11920732809225795,0.8550218546323857,1.3131686641814955,22.203428605221703,4.775896731686104,0.07565916760295552,1.0643154129386714
failure,2,1.24,-11.7725,0.4570559222013167,0.5246658865787173,0.31842158035812046,0.6884515433562776,0.0531890481907488,0.8548871896074427,1.3135425242796204,21.556191803898116,4.6845362071066345,0.07565916760295552,1.182293835779662
failure,2,1.24,-11.747499999999999,0.4581154082976031,0.5334638560144408,0.3217182468856646,0.6883344782985941,0.09282359369202323,0.8548546902105224,1.3136763561291955,22.12150806460643,4.777337696407251,0.07565916760295552,1.303473661041404
failure,2,1.24,-11.7225,0.45866087860745636,0.5388080844432702,0.3218936021780048,0.6882371868271477,0.08889662250619149,0.8549384968759142,1.3134106365884026,21.949617684349086,4.810018243822679,0.07565916760295552,1.4276090151477951
failure,2,1.24,-11.6975,0.4588959405379809,0.5454651978049577,0.3187219675897364,0.6881646047914055,0.13904106121123685,0.8549307480445731,1.3134483178424678,22.00387815958697,4.756398220875099,0.07565916760295552,1.5542135801025942
failure,2,1.24,-11.6725,0.45892451597381373,0.5544996180239637,0.32464810748313283,0.6871837326187088,0.1517185587588733,0.8553307552800348,1.3123839107403528,21.60971142343497,4.7339485197106494,0.07565916760295552,1.6828030494841937
failure,2,1.24,-11.6475,0.45804551715580766,0.5599161385681973,0.32679307356305215,0.6876465316048147,0.011082642136763783,0.8551707556855048,1.312915730665706,21.847776202762123,4.721521310758733,0.07565916760295552,1.812865472955059
failure,2,1.24,-11.622499999999999,0.45718350295571336,0.5651108454490028,0.3330984980033441,0.6876744754171539,0.42104351950740915,0.8551595215136267,1.3130053847189662,21.939240173106395,4.803698146525045,0.07565916760295552,1.944066670492196
failure,2,1.24,-11.5975,0.4557747988645999,0.5701225838699221,0.33864420856667576,0.6875160890193363,0.10618470516412407,0.8551763625901143,1.3130035483184688,21.800931955230567,4.751418490597393,0.07565916760295552,2.076116622385466
failure,2,1.24,-11.5725,0.45448482483925107,0.5759293095443019,0.3424211500793845,0.6878195944150598,0.28672285782082185,0.8550410613345542,1.313435356445517,22.225146882918587,4.645739715910563,0.07565916760295552,2.2083883013698205
failure,2,1.24,-11.5475,0.45167327957514236,0.580151037242901,0.3474109963309353,0.6876844755639235,0.16397884896711062,0.8551077729255988,1.3132650671700243,21.889789525551596,4.701216693319847,0.07565916760295552,2.3407658604449835
failure,2,1.24,-11.5225,0.44921673168735143,0.5857318137799457,0.3422461186722247,0.6877377145393936,0.10709519032270264,0.855235362840548,1.3129024462745558,22.15532474686519,4.751696215869458,0.07565916760295552,2.472687936002196
failure,2,1.24,-11.497499999999999,0.44549462497107056,0.5878846125467657,0.3398755443367024,0.687294184705401,0.1708050032957834,0.8554107726591664,1.3124687547835916,21.871024597864604,4.682904936463158,0.07565916760295552,2.604007545252759
failure,2,1.24,-11.4725,0.4419314987501061,0.5908693452090437,0.33305811722903356,0.6877287213880979,0.41127116685055054,0.8553365750258466,1.312741159638275,21.638176032665005,4.680305775518308,0.07565916760295552,2.7343580476165
failure,2,1.24,-11.4475,0.43771236127116797,0.5929865142802667,0.3327846090322395,0.687961022575363,0.42679726368792414,0.8554377036944535,1.3125379370245185,22.08760631340628,4.952073318390006,0.07565916760295552,2.8635957857946495
failure,2,1.24,-11.4225,0.43297736483687566,0.5955672622122324,0.33823714359713003,0.6869780706425216,0.534868268932091,0.8568040599353302,1.308647601848313,22.138908686653938,4.8400545065787215,0.07565916760295552,2.991636404186078
failure,2,1.24,-11.3975,0.4280678084832787,0.597233187382258,0.34326602446141763,0.684936971983687,0.3639343016592913,0.8578767925218244,1.305705778932406,22.16795747717871,4.8342167064821275,0.07565916760295552,3.118151085801961
failure,2,1.24,-11.372499999999999,0.4229304642696894,0.5989498821880006,0.3552026139484558,0.6847471898164139,0.472568198378889,0.8592893635374843,1.30165771321935,22.12373754358888,4.758446097803779,0.07565916760295552,3.2429340529176556
failure,2,1.24,-11.3475,0.41700380020260946,0.5999973969899263,0.35153979792404727,0.6849438094556645,0.14122060879192022,0.8599250040364642,1.2997893466597126,22.03377064308785,4.837808563660949,0.07565916760295552,3.3657410700847286
failure,2,1.24,-11.3225,0.4112505382057444,0.600476799161665,0.35044886947321857,0.6849145957450489,0.485569897860757,0.8601921130463601,1.2989831782663412,22.42652285030457,4.952112373768155,0.07565916760295552,3.4862930142081403
failure,2,1.24,-11.2975,0.4043224162805777,0.5990365811221844,0.3534730395284179,0.6850881099861841,0.6780077861332585,0.8624867238397703,1.2925500801460545,22.600093194389665,4.934431631664967,0.07565916760295552,3.604727717449523
