mission_status,mission_eligible,mission_completion,mission_loss,lissajous_start_s,lissajous_end_s,trial_id,replicate_id,com_scale,payload_mass,payload_pos_x,payload_pos_y,payload_pos_z,true_com_x,true_com_y,true_com_z,measurement_seed,torque_seed,force_seed,position_rms,position_rms_x,position_rms_y,position_rms_z,velocity_rms,attitude_rms,attitude_rms_x,attitude_rms_y,attitude_rms_z,peak_attitude,angular_acc_command_rms,mean_dob_norm,final_com_error,final_com_error_x,final_com_error_y,final_com_error_z,moce_convergence_time,max_motor_utilization,max_servo_angle,saturation_time,terminal_altitude_m,terminal_tilt_rad,terminal_airborne,numerical_success,flight_success,success,failure_reason,runtime_s,mission_position_rms,mission_velocity_rms,mission_attitude_rms,mission_peak_attitude_error,mission_com_error_rms,mission_final_com_error,mission_max_motor_utilization,mission_motor_saturation_fraction,mission_max_servo_angle,mission_max_servo_rate,mission_servo_angle_contact_fraction,mission_mean_dob_norm,mission_dob_rms,mission_position_rms_x,mission_attitude_rms_x,mission_position_rms_y,mission_attitude_rms_y,mission_position_rms_z,mission_attitude_rms_z,mission_motor_1_max_utilization,mission_servo_1_max_angle,mission_motor_2_max_utilization,mission_servo_2_max_angle,mission_motor_3_max_utilization,mission_servo_3_max_angle,mission_motor_4_max_utilization,mission_servo_4_max_angle,mission_allocation_force_residual_rms,mission_allocation_force_residual_max,mission_allocation_torque_residual_rms,mission_allocation_torque_residual_max,mission_realized_force_residual_rms,mission_realized_force_residual_max,mission_realized_torque_residual_rms,mission_realized_torque_residual_max,mission_allocation_min_singular,mission_allocation_condition_max,mission_allocation_rank_min,steady_position_rms,steady_velocity_rms,steady_attitude_rms,steady_peak_attitude_error,steady_com_error_rms,steady_final_com_error,steady_max_motor_utilization,steady_motor_saturation_fraction,steady_max_servo_angle,steady_max_servo_rate,steady_servo_angle_contact_fraction,steady_mean_dob_norm,steady_dob_rms,steady_position_rms_x,steady_attitude_rms_x,steady_position_rms_y,steady_attitude_rms_y,steady_position_rms_z,steady_attitude_rms_z,steady_motor_1_max_utilization,steady_servo_1_max_angle,steady_motor_2_max_utilization,steady_servo_2_max_angle,steady_motor_3_max_utilization,steady_servo_3_max_angle,steady_motor_4_max_utilization,steady_servo_4_max_angle,steady_allocation_force_residual_rms,steady_allocation_force_residual_max,steady_allocation_torque_residual_rms,steady_allocation_torque_residual_max,steady_realized_force_residual_rms,steady_realized_force_residual_max,steady_realized_torque_residual_rms,steady_realized_torque_residual_max,steady_allocation_min_singular,steady_allocation_condition_max,steady_allocation_rank_min
mission_completion,True,True,False,20.0,80.0,0,0,1.0,0.5,0.31,0.31,0.56,0.03297872340425532,0.03297872340425532,0.059574468085106386,7000,7001,7002,0.08594716617555795,0.04876680940000315,0.06776662125480751,0.0204058500989351,0.16801366587224992,0.015203430369081459,0.009020761698968949,0.00870500575113109,0.008601920031638162,0.03121249605210202,4.395715791948099,2.0105894132381734,0.007758632235106849,0.0006833209010925212,-1.8249775657550038e-05,0.007728461273206824,nan,0.4021607714868523,0.37600077935204895,0,0.7947554928485281,0.0096794589091926,True,True,True,True,normal_completion,10.838307306999923,0.0756922386025993,0.15504279125953688,0.01901831735534991,0.05777354264705086,0.025025167493352676,0.007758632235106849,0.411576361299739,0.0,0.4472165335061161,3.260879428270223,0.0,0.20243856663839563,0.2273268408693584,0.044058389743167066,0.010811301664233044,0.058114551876117575,0.012768163962884181,0.02026998120744203,0.00904356900624201,0.411576361299739,0.243828970997209,0.2837874510816492,0.2921024686771557,0.1784271068018891,0.4472165335061161,0.2889829018132699,0.2662479573296858,0.14787591948898426,1.2069036140654674,0.05980063328846842,0.6635078552916974,25.749832227030332,31.922933868845732,0.33424060909895614,1.233393896099918,0.8447912401384865,1.3523069795141658,4,0.08594716617555782,0.16801366587224964,0.015203430369081465,0.03121249605210202,0.006589482252329323,0.007758632235106849,0.4021607714868523,0.0,0.37600077935204895,1.6694635971103073,0.0,0.17062594888570257,0.1865115304175015,0.04876680940000307,0.009020761698968956,0.06776662125480741,0.008705005751131093,0.020405850098935103,0.00860192003163816,0.4021607714868523,0.17787463324776417,0.2837874510816492,0.1907102934862054,0.17748923111444562,0.37600077935204895,0.2889829018132699,0.1911901405698288,0.1266999882191549,0.7017528950140388,0.03161636161741602,0.13032654841558716,27.164768123293108,31.922933868845732,0.26704716366662884,0.6683154879787381,0.8761332964947941,1.26751648081252,4
mission_completion,True,True,False,20.0,80.0,1,1,1.0,0.5,0.31,0.31,0.56,0.03297872340425532,0.03297872340425532,0.059574468085106386,7003,7004,7005,0.0775669522687911,0.048497603026547986,0.05667627468719692,0.021270036965874817,0.15586576998870405,0.012961560389056053,0.008216668147139543,0.006111810554513547,0.007945702236093777,0.029345265598527168,3.9773458931395043,1.52674007703761,0.000575048920231755,-0.0004743091856234949,6.603672879454403e-05,-0.0003183570441234185,nan,0.41145865412579596,0.3080738704021733,0,0.7879456675127741,0.0070150737890649845,True,True,True,True,normal_completion,7.44887473900053,0.07706338137670198,0.1636502628320905,0.01966341216865314,0.06298996225304412,0.02207362103319754,0.000575048920231755,0.42433033998268627,0.0,0.420807903197971,3.189258679543494,0.0,0.184478177935571,0.21872263273580675,0.047488442649292154,0.012369510812882581,0.05730359605982206,0.012146015935494914,0.019997760938881424,0.009280047265990672,0.42433033998268627,0.19087627596220308,0.29263959778219795,0.36206433576993163,0.1785833752455807,0.420807903197971,0.2907154999335984,0.39510589129421225,0.16096252111329548,0.9967247227458245,0.06860945322795721,0.68782903806725,25.84297047607502,32.26249297293233,0.34007172755802295,1.453706519528955,0.8042485048980405,1.4684672256988083,4,0.07756695226879108,0.15586576998870377,0.012961560389056033,0.029345265598527168,0.002633123318695754,0.000575048920231755,0.41145865412579596,0.0,0.3080738704021733,1.1576734122649794,0.0,0.12853024132395607,0.13692650436647166,0.04849760302654794,0.008216668147139531,0.05667627468719695,0.006111810554513547,0.021270036965874806,0.007945702236093786,0.41145865412579596,0.16050447381189242,0.29263959778219795,0.26278572032652975,0.16446770085481066,0.3080738704021733,0.2907154999335984,0.302794410335525,0.12313160581247122,0.5159056440873826,0.029385952385633216,0.11041678996067687,27.1287169050554,32.26249297293233,0.2626351645339552,0.713082665758492,0.8705598351118168,1.280463209533433,4
mission_completion,True,True,False,20.0,80.0,2,2,1.0,0.5,0.31,0.31,0.56,0.03297872340425532,0.03297872340425532,0.059574468085106386,7006,7007,7008,0.07364608860263186,0.04883779826948349,0.050919995310574166,0.021113263703819985,0.14787955965369745,0.015227848614995144,0.00880447453900945,0.005919090156970506,0.01092396325729806,0.029119409256967772,4.089196238192739,1.1816017810937727,0.0067203908668168845,0.0002979075495616601,0.0005907216888021843,0.00668774643516698,nan,0.3991814752733056,0.33746017012095386,0,0.7874834840800525,0.010342976014774314,True,True,True,True,normal_completion,6.933381284999996,0.075996544355332,0.14930365283672575,0.02105906969088998,0.06135322052151193,0.022975928978257763,0.0067203908668168845,0.4154951191816948,0.0,0.41702512158280935,2.877618363040497,0.0,0.18175709307300994,0.22111027696535093,0.04452678635745849,0.012509681937335891,0.05807956853673971,0.013649042635726971,0.020484232209564163,0.010034735133552878,0.4154951191816948,0.17882747905877777,0.29902807863126957,0.30463608515047574,0.18903889473661806,0.41702512158280935,0.29598044532954654,0.3289791749650066,0.13498779121299506,0.6705601893598185,0.05941669944267972,0.5924397621038424,25.84436337994451,32.24661498843228,0.33750116225473303,1.2762155924827663,0.8266893413910835,1.4047375029279594,4,0.07364608860263178,0.14787955965369737,0.015227848614995144,0.029119409256967772,0.004172216474441093,0.0067203908668168845,0.3991814752733056,0.0,0.33746017012095386,1.5142967462896693,0.0,0.09952168175348876,0.11210130379038584,0.04883779826948344,0.008804474539009465,0.05091999531057412,0.005919090156970507,0.02111326370381995,0.010923963257298079,0.3991814752733056,0.16593125829843466,0.2961561655468279,0.26212152725182997,0.18903889473661806,0.33746017012095386,0.2878605630970849,0.27622189778597284,0.1184935901367084,0.45580670383039745,0.02741144161713155,0.09599727973333742,27.34982846273184,32.24661498843228,0.2584715158551186,0.6746152220183382,0.8806218440102291,1.2583644239140124,4
mission_completion,True,True,False,20.0,80.0,3,3,1.0,0.5,0.31,0.31,0.56,0.03297872340425532,0.03297872340425532,0.059574468085106386,7009,7010,7011,0.0726953799280559,0.04432588399178243,0.05363518375756528,0.021049972316457926,0.14448092203119334,0.015262767534794658,0.009119047235122664,0.008408735773026808,0.008893155404253542,0.031350495556355946,4.297917658647304,1.6764235535367176,0.01281884166073056,-0.0008485437711124241,0.00020600179258729173,0.0127890671377094,nan,0.4110890297231732,0.34191066265205905,0,0.7816962819783526,0.01162723063458307,True,True,True,True,normal_completion,6.441260154999327,0.08157819593878167,0.1634535832093097,0.02015824874811694,0.049784696929675805,0.022894596650508067,0.01281884166073056,0.4230601033251327,0.0,0.4925973368475162,3.063497573220652,0.0,0.1999635320379687,0.2330125133765153,0.046155925836528756,0.011761522271704168,0.06389845932002651,0.013771496893365893,0.02101474385582725,0.008852539734967512,0.4230601033251327,0.24995368323644984,0.28839992768190253,0.23227458327857034,0.18812234597295205,0.4925973368475162,0.2876854222456155,0.27617879380572197,0.15001213531543714,0.9472405012027281,0.06567569052730422,0.7047274918448809,25.83769637077511,32.19954130776153,0.3366326913239418,1.1350099460788088,0.8529030618723324,1.32896166086516,4,0.07269537992805594,0.14448092203119312,0.015262767534794686,0.031350495556355946,0.008676135987997904,0.01281884166073056,0.4110890297231732,0.0,0.34191066265205905,1.2721226210049699,0.0,0.14094797508298118,0.15604992560448974,0.044325883991782444,0.009119047235122663,0.05363518375756531,0.008408735773026815,0.0210499723164579,0.008893155404253516,0.4110890297231732,0.18062904283751818,0.2860893298380553,0.229171484493787,0.17638087968734745,0.34191066265205905,0.28285256847337675,0.24231351273901763,0.09907346699431474,0.41980885079924235,0.027593813419988237,0.09561570368551808,27.200415152199504,32.19954130776153,0.265349151492604,0.6988430790084076,0.8783642896361015,1.2599633654037927,4
mission_completion,True,True,False,20.0,80.0,4,4,1.0,0.5,0.31,0.31,0.56,0.03297872340425532,0.03297872340425532,0.059574468085106386,7012,7013,7014,0.07688053622380847,0.052401142675708945,0.05253991919067923,0.02010706313157688,0.1571562317356945,0.013126557987245902,0.007887506845287776,0.0050690427461412575,0.009186869216216182,0.02935353750446413,3.7618465603767692,1.3262605377254992,0.0044695670043135224,-0.0004712914245896191,0.00024505749778486186,0.004437889185405136,nan,0.39908640283512126,0.3889917079923295,0,0.8015294967084122,0.002088116131427699,True,True,True,True,normal_completion,6.396264125000016,0.07262285671909811,0.15201486703829387,0.0183146546271484,0.05596380472440702,0.024950520651879058,0.0044695670043135224,0.40981409206287167,0.0,0.5013393495559543,2.6759368684167195,0.0,0.19419824542419778,0.22528487895543092,0.044821499034438626,0.011284025987218876,0.05356064624187058,0.011606718264050582,0.019909036051543667,0.008566295743812024,0.40981409206287167,0.19407137342150585,0.3031103688216199,0.2728296907155604,0.18317741202452964,0.5013393495559543,0.298505072022461,0.29611655226430433,0.1582862212279779,1.072049595543503,0.06057213455243069,0.5422992065216761,25.792261023465244,32.46656320838782,0.32849856248909864,1.0114857265817512,0.8509675809165111,1.335719541151882,4,0.07688053622380848,0.15715623173569424,0.013126557987245905,0.02935353750446413,0.00290483282815197,0.0044695670043135224,0.39908640283512126,0.0,0.3889917079923295,2.3426898478289484,0.0,0.10930607134833786,0.11740635740642336,0.052401142675708966,0.007887506845287776,0.0525399191906792,0.0050690427461412505,0.020107063131576928,0.009186869216216182,0.39908640283512126,0.17739168561961474,0.3031103688216199,0.20285137384350285,0.17357568076510282,0.3889917079923295,0.298505072022461,0.19774306679710518,0.12972992401570066,0.4959504432111572,0.03077673764531957,0.1204491793443082,27.20333513609632,32.46656320838782,0.2515697808913777,0.6403145873265591,0.8763764746326045,1.2679567605353017,4
mission_completion,True,True,False,20.0,80.0,5,0,1.1,0.5,0.341,0.341,0.6160000000000001,0.03627659574468085,0.03627659574468085,0.06553191489361704,7000,7001,7002,0.0858524362796945,0.048706369149221065,0.06768761257320412,0.02041366022051485,0.16792061974571354,0.016153671684184013,0.009523802671706818,0.009059584866525364,0.00938947355270906,0.033700640613379594,4.499271098327154,2.03427346384191,0.007875852971312795,0.0006691553647012738,-1.887380611169387e-05,0.007847352095010834,nan,0.4161219410448907,0.41506473852467746,0,0.7947667891332595,0.010424758825734062,True,True,True,True,normal_completion,6.287028063999969,0.07557665363406142,0.15514878938121604,0.020798841424087146,0.06387596909227035,0.02685372043129052,0.007875852971312795,0.4267264534301354,0.0,0.49401596991642027,3.231867179859409,0.0,0.21195153137933356,0.2408469722946771,0.04388841894879771,0.01164027345614355,0.05809410097068981,0.014075424818155356,0.020266047693247944,0.009948781565547595,0.4267264534301354,0.2517545795283447,0.286390410650436,0.2952624908627057,0.17239411555508874,0.49401596991642027,0.28994557645913227,0.27543628674686893,0.16035816609508344,1.2559729707039935,0.059813523637813816,0.6611656323530379,25.749913735935746,31.925087280541394,0.35106562961932175,1.3459910860202229,0.829567776344023,1.3924950281396462,4,0.08585243627969456,0.16792061974571396,0.016153671684184023,0.033700640613379594,0.006658938298589988,0.007875852971312795,0.4161219410448907,0.0,0.41506473852467746,1.87925021533406,0.0,0.17272525084985252,0.1888583741890325,0.048706369149221065,0.009523802671706817,0.0676876125732042,0.00905958486652539,0.020413660220514843,0.009389473552709056,0.4161219410448907,0.17461129849063833,0.28457322385744227,0.1948491166907935,0.16874061149123898,0.41506473852467746,0.28994557645913227,0.19705737059964973,0.13819073143502814,0.7645067696675483,0.03241696877270656,0.12986282703346727,27.165341875281744,31.925087280541394,0.26970853719765403,0.6661230201740097,0.8661888916767836,1.2891121457588068,4
mission_completion,True,True,False,20.0,80.0,6,1,1.1,0.5,0.341,0.341,0.6160000000000001,0.03627659574468085,0.03627659574468085,0.06553191489361704,7003,7004,7005,0.07753735256835567,0.048427110062982934,0.05669506020281559,0.02127266327605323,0.15603981808378983,0.013440629260472823,0.00845596885213521,0.006379089950852738,0.008273712412703629,0.031807373633128855,4.02160505231542,1.5434377608999763,0.0004935431883436497,-0.0004661158923769809,7.128011043021354e-05,-0.00014573949187191015,nan,0.41940464122623766,0.3298559855404169,0,0.7879704829163873,0.008395535127206106,True,True,True,True,normal_completion,6.410599699999693,0.07729350246638642,0.16479249084561798,0.021698561311813604,0.07657114317342419,0.023469353452087706,0.0004935431883436497,0.43907484725945706,0.0,0.45240166412215915,3.168073650693559,0.0,0.19370303022676216,0.23291837916095048,0.04742481963642223,0.013834966325354968,0.05766896516989666,0.013206738606856144,0.019986557037352606,0.01024711301533284,0.43907484725945706,0.19533694900676057,0.30038272851334363,0.38710549169762376,0.1681457569560311,0.45240166412215915,0.2932420710128446,0.4236135679458041,0.17482994461737306,1.1200749542734059,0.06966465575035867,0.7019233698958783,25.844624584071052,32.256022458364264,0.3579233539403916,1.6157960218032879,0.7869558876806997,1.5188883205113235,4,0.07753735256835564,0.15603981808378947,0.013440629260472799,0.031807373633128855,0.002542037346558622,0.0004935431883436497,0.41940464122623766,0.0,0.3298559855404169,1.3499444550656612,0.0,0.12991412355417542,0.13852766225920787,0.04842711006298293,0.008455968852135221,0.05669506020281556,0.006379089950852751,0.021272663276053216,0.00827371241270362,0.41940464122623766,0.15815032717952787,0.29474050729186113,0.26151396022451456,0.1540962484183658,0.3298559855404169,0.29180003379918285,0.30199957803792793,0.1250267852055895,0.5478299406563707,0.02796373569907181,0.11576765680306182,27.12892542983929,32.256022458364264,0.2641400293954386,0.7160958996761811,0.8630241478675669,1.2975308518078832,4
mission_completion,True,True,False,20.0,80.0,7,2,1.1,0.5,0.341,0.341,0.6160000000000001,0.03627659574468085,0.03627659574468085,0.06553191489361704,7006,7007,7008,0.07345480825668656,0.04867545996817965,0.05079877295310678,0.02111381347297153,0.14769150685076327,0.01628747960468768,0.009027566795187085,0.00632192768461529,0.01199242510846105,0.03105696973442866,4.149200814292276,1.2108103451265428,0.006843089983486905,0.0002934114299432966,0.0006000469603580985,0.00681041363650127,nan,0.4149255320033378,0.35957200241389675,0,0.7875006160781103,0.009191893979273683,True,True,True,True,normal_completion,6.2723431980002715,0.07604061279236331,0.14988324840209885,0.02323869252511362,0.07098568835699337,0.024431424524283114,0.006843089983486905,0.42886487518263655,0.0,0.4507730630505871,2.8633639415838337,0.0,0.19169932793955008,0.23701947220417016,0.04450194506561485,0.013654277106247035,0.058159337783650976,0.014991377435835595,0.02047542692552007,0.01135148226263465,0.42886487518263655,0.18003813012270747,0.30259919857920586,0.3288746689090774,0.17826643949610477,0.4507730630505871,0.30109053659577745,0.3521591768332516,0.14911695046245108,0.8165754647995556,0.060767448937013184,0.5866639059570115,25.845178671500094,32.254639544261465,0.35492549816197627,1.4182377507401231,0.8102396748147742,1.4507402138516916,4,0.07345480825668656,0.14769150685076315,0.016287479604687665,0.03105696973442866,0.004246041327274132,0.006843089983486905,0.4149255320033378,0.0,0.35957200241389675,1.6944228886857848,0.0,0.10197543888232122,0.11493040742289135,0.04867545996817959,0.009027566795187077,0.050798772953106856,0.0063219276846152965,0.0211138134729715,0.01199242510846105,0.4149255320033378,0.16116243819479878,0.30259919857920586,0.2586421713698827,0.17826643949610477,0.35957200241389675,0.28826305258336443,0.2785438440104324,0.12360283136614052,0.46810102176604573,0.0281218742079732,0.10490330299335089,27.349362581998367,32.254639544261465,0.26035266786895006,0.6913019620928329,0.8688043568171918,1.2819254256200656,4
mission_completion,True,True,False,20.0,80.0,8,3,1.1,0.5,0.341,0.341,0.6160000000000001,0.03627659574468085,0.03627659574468085,0.06553191489361704,7009,7010,7011,0.07267211805630401,0.04419278793847192,0.053713444788685616,0.021049942659006473,0.14468860071769243,0.01626539317684848,0.009382368402912924,0.008719486991367752,0.010025204484540806,0.033285760301282934,4.362507249547403,1.7029469192667748,0.013068745326010742,-0.0008547734093904621,0.00020437832617940105,0.013039160107710723,nan,0.419243680048362,0.3705435709289502,0,0.7817041455178712,0.011573233307136154,True,True,True,True,normal_completion,6.310309651999887,0.08165270445499685,0.16430802726356472,0.02236394368266038,0.06011585073311166,0.02442615734833091,0.013068745326010742,0.43756775838169354,0.0,0.5287729427746389,3.3246244156301548,0.0,0.2096844125703476,0.24789432708561027,0.04593743706944977,0.013308263450275679,0.06415426631904773,0.014809501964615085,0.021003479077764755,0.010184044016957288,0.43756775838169354,0.24357047251465191,0.2923739628107105,0.2430989964232946,0.17798553480337925,0.5287729427746389,0.2921997631781178,0.2751797211429716,0.16527261161741888,1.1019845013112075,0.06824102828888734,0.6948367534541309,25.83876238927627,32.180838031346546,0.35476512462766485,1.2869675390299837,0.8393735940002721,1.3666717298125377,4,0.0726721180563041,0.14468860071769268,0.016265393176848438,0.033285760301282934,0.008910959722086989,0.013068745326010742,0.419243680048362,0.0,0.3705435709289502,1.5123254308379006,0.0,0.14322794229746905,0.15831218065130973,0.044192787938472,0.009382368402912946,0.05371344478868567,0.00871948699136776,0.02104994265900647,0.010025204484540796,0.419243680048362,0.1779077285603953,0.2891139610674094,0.23676629567687843,0.16642639809448304,0.3705435709289502,0.28602895591192284,0.25065937508213887,0.10549532287748133,0.4391749272011438,0.028869838416011935,0.0945261442567685,27.200682917443277,32.180838031346546,0.2668749703633149,0.7106520000968282,0.8667870592920891,1.2908290824578244,4
mission_completion,True,True,False,20.0,80.0,9,4,1.1,0.5,0.341,0.341,0.6160000000000001,0.03627659574468085,0.03627659574468085,0.06553191489361704,7012,7013,7014,0.07687264190980539,0.052412326778416694,0.05251639403093907,0.020109187796944438,0.15727593414116087,0.013695182731823593,0.00821511790629701,0.005309813308350633,0.009585183904033366,0.028544132172613115,3.82526681928005,1.3519569234206639,0.004582333860713368,-0.000465661436172618,0.00024408133204795873,0.004552072862031936,nan,0.4107704197829802,0.42593162057230166,0,0.8015979262647287,0.0022119055912012946,True,True,True,True,normal_completion,6.286088512000788,0.0726300985494953,0.1523542486454428,0.01994978494302632,0.06220344744406249,0.02689104260101555,0.004582333860713368,0.4230514399854519,0.0,0.5425366233437341,2.981685679928436,0.0,0.2041789911307716,0.23929486395054458,0.04470692167934348,0.012123985839532024,0.053667651231289595,0.012806509663512893,0.01990491347841297,0.009327175181917485,0.4230514399854519,0.20058492390069987,0.30559480684234047,0.26843039656470624,0.17289319083708524,0.5425366233437341,0.2991341579070742,0.30004404485659025,0.17189715638676403,1.1043400945810948,0.0607804210701104,0.5314550131491581,25.792658531785936,32.471502615501485,0.3441153115484494,1.097511150477927,0.8372084173482421,1.3710702043911545,4,0.07687264190980535,0.15727593414116106,0.013695182731823607,0.028544132172613115,0.0029673029983120673,0.004582333860713368,0.4107704197829802,0.0,0.42593162057230166,2.778965744490654,0.0,0.11141786222054324,0.11999411160273298,0.052412326778416646,0.00821511790629701,0.05251639403093907,0.00530981330835063,0.020109187796944445,0.009585183904033363,0.4107704197829802,0.17525579126609042,0.30559480684234047,0.20115665038779176,0.1607584574292279,0.42593162057230166,0.2991341579070742,0.1975217093782167,0.13754869373364204,0.5707656081071661,0.03149155978096493,0.13082250765509884,27.20358888600183,32.471502615501485,0.25324575070435856,0.6589872055684264,0.8668330488608232,1.2899395715448947,4
mission_completion,True,True,False,20.0,80.0,10,0,1.2,0.5,0.372,0.372,0.672,0.03957446808510638,0.03957446808510638,0.07148936170212766,7000,7001,7002,0.08571030557195591,0.04863837502711544,0.0675529902393502,0.020424457537031124,0.16775516640638277,0.017419185729996213,0.010090611534658891,0.009528413197398061,0.010526962158778871,0.03724871679592043,4.630264204011338,2.061118095240766,0.00814361772732077,0.0006507991661299922,-2.397354423414738e-05,0.008117536289002622,nan,0.43159554482440043,0.4654068554059176,0,0.7947962575185958,0.011334626122934332,True,True,True,True,normal_completion,6.340617832999669,0.07548342664098395,0.1553933434095042,0.0231460341628567,0.07159702327656038,0.028423776379299607,0.008143617727320768,0.4457889755276892,0.0,0.5560596091384956,3.1738868242283558,0.0,0.22201102854383492,0.25591317585649065,0.04368394136663279,0.012748116996203172,0.05812890734016606,0.01556137138077906,0.02026057984312842,0.011448499083666632,0.4457889755276892,0.26602668941869506,0.29044271450780124,0.2953359716242204,0.16676797958374714,0.5560596091384956,0.2889750588964474,0.2946727550006545,0.17768474608480214,1.3808456835625549,0.061464217106037715,0.6697235138958023,25.749986358885028,31.92884052456551,0.3706234585008179,1.4705183941631779,0.8142243262950433,1.4339873213587655,4,0.08571030557195598,0.1677551664063829,0.01741918572999619,0.03724871679592043,0.006874989407469945,0.008143617727320768,0.43159554482440043,0.0,0.4654068554059176,2.2557541228122124,0.0,0.17518660603606898,0.19153518993459495,0.0486383750271155,0.010090611534658879,0.06755299023935024,0.009528413197398064,0.020424457537031124,0.010526962158778876,0.43159554482440043,0.1722059094715961,0.2870139863518941,0.2000790499196618,0.1607498600671302,0.4654068554059176,0.2889750588964474,0.20524678814265448,0.15410669950273842,0.840306761944845,0.03606070984395024,0.14972392659247527,27.16601667709417,31.92884052456551,0.2731897598022273,0.6663160570814964,0.855446871746332,1.3157041928180602,4
mission_completion,True,True,False,20.0,80.0,11,1,1.2,0.5,0.372,0.372,0.672,0.03957446808510638,0.03957446808510638,0.07148936170212766,7003,7004,7005,0.077482367650961,0.048321673482067805,0.0567088039488114,0.021275448841008897,0.1562160677161333,0.014042396808413475,0.008849896559113684,0.006610888901132718,0.008669739728204605,0.03514015590787645,4.081722524861762,1.5629383155778844,0.0004868945621600981,-0.0004551717754854717,7.29639882418448e-05,0.00015672021529566926,nan,0.42886628652483716,0.3557567298438614,0,0.7879926396768904,0.009565054976013258,True,True,True,True,normal_completion,6.321991560000242,0.0776043018998043,0.16638378624706596,0.02437312604532387,0.09383875201676718,0.02464310442112431,0.0004868945621600981,0.4520013018381863,0.0,0.4786689882149135,3.3716376682547575,0.0,0.20423224991627506,0.25022667058548353,0.04733065729013752,0.015971596155335402,0.058166163144576614,0.014383626484604851,0.01997333269331933,0.011492113757855608,0.4520013018381863,0.19702881784992435,0.3060509595848091,0.41830837196359655,0.15741293945651244,0.4786689882149135,0.29715870652030096,0.45792293153055075,0.196170517245869,1.2749241152437065,0.0727642873768074,0.7256582490041703,25.846876187980122,32.247700889978276,0.3808159265289653,1.7877132447708097,0.7677428302255637,1.5772599919729546,4,0.07748236765096102,0.1562160677161335,0.014042396808413488,0.03514015590787645,0.0023198419472980803,0.0004868945621600981,0.42886628652483716,0.0,0.3557567298438614,1.620200860224116,0.0,0.13149880039551134,0.1405468554067498,0.04832167348206779,0.008849896559113689,0.05670880394881143,0.006610888901132728,0.02127544884100886,0.008669739728204597,0.42886628652483716,0.15524215466754543,0.29735763655568426,0.258169723009215,0.14484497895923992,0.3557567298438614,0.2937310203348797,0.29759130254640925,0.12703532719630312,0.5749701903440894,0.02834308441942229,0.12783618595095886,27.128913634267526,32.247700889978276,0.26568295302492884,0.7115548928817588,0.8541413015285159,1.3174237035017766,4
mission_completion,True,True,False,20.0,80.0,12,2,1.2,0.5,0.372,0.372,0.672,0.03957446808510638,0.03957446808510638,0.07148936170212766,7006,7007,7008,0.07316693708814082,0.048456672362016326,0.050593680789664405,0.021109975144791213,0.1474152890245829,0.017674118226115376,0.009351059733838754,0.00688807355114793,0.013322408929276244,0.03572648873008462,4.242244080090413,1.252161617394118,0.007127580850940893,0.00028354653046883116,0.0006089175466233096,0.007095860030551099,nan,0.4306491269024282,0.38265766265982154,0,0.7875149615115581,0.008741095366856608,True,True,True,True,normal_completion,6.4625886129997525,0.0760395796400544,0.15034671296342048,0.026058663514371142,0.08275653005035855,0.0255099212273551,0.007127580850940893,0.4403994767699754,0.0,0.5527668918178237,3.0730884290915057,0.0,0.20210712753581592,0.2548432326719622,0.04452237096797719,0.014990399558571323,0.0581457417710832,0.016612826295609097,0.02046579754411022,0.013354994110875578,0.4403994767699754,0.19707417672448987,0.30685898666836176,0.35631770265066764,0.16708866989770457,0.5527668918178237,0.30820897252982704,0.37496019888858423,0.16951154874877236,1.1321076586078727,0.06389747473380572,0.5698699688647527,25.846040286691817,32.251618703809626,0.3752363696484651,1.5868711462428624,0.7934526539327302,1.4996514239531522,4,0.07316693708814087,0.14741528902458295,0.017674118226115358,0.03572648873008462,0.004502729511970098,0.007127580850940893,0.4306491269024282,0.0,0.38265766265982154,2.174320777119078,0.0,0.10556524167028852,0.11870067276584365,0.0484566723620164,0.00935105973383874,0.050593680789664384,0.006888073551147952,0.02110997514479123,0.013322408929276226,0.4306491269024282,0.1625243900686057,0.30685898666836176,0.2557760907465638,0.16708866989770457,0.38265766265982154,0.28733840850096154,0.282057372877562,0.13140898370230367,0.5720772553670912,0.03121063005802876,0.14154826546687244,27.34857771149761,32.251618703809626,0.26294694663462076,0.7115137551337067,0.8558976253195318,1.315038036894921,4
mission_completion,True,True,False,20.0,80.0,13,3,1.2,0.5,0.372,0.372,0.672,0.03957446808510638,0.03957446808510638,0.07148936170212766,7009,7010,7011,0.07254872579802345,0.04402338099791708,0.05368517617715801,0.021051398985733293,0.14472828932134035,0.017558834462119564,0.009624294437994556,0.009092501992471155,0.011533084225644634,0.03548438633442054,4.434315521872667,1.7357082807663593,0.013468447495085214,-0.000863315035363868,0.00019164953247964578,0.013439383748307887,nan,0.4236387556483162,0.40756550821259535,0,0.7816959864194463,0.011413130609433535,True,True,True,True,normal_completion,6.316060053999536,0.08180933622294688,0.16550981912382862,0.025353047845383413,0.07802439599567801,0.025552692755536115,0.013468447495085212,0.4524673894176567,0.0,0.6308756397008706,3.6789372486311906,0.0,0.2197001367203928,0.26449938866087674,0.04577014689406684,0.01543871346883607,0.06447646938306757,0.01587215683470064,0.020991570747065598,0.012348999914654869,0.4524673894176567,0.2412302597992458,0.2979606003571065,0.2545701283908585,0.1702408929229485,0.6308756397008706,0.31380529760035836,0.2770799454809932,0.19166436353055097,1.2334804365514458,0.07410548510587797,0.6777329607175666,25.840469726028385,32.16917718073176,0.3767436633861134,1.496624902956637,0.8258778237961883,1.4022281865821231,4,0.07254872579802343,0.1447282893213405,0.017558834462119588,0.03548438633442054,0.009350509709097912,0.013468447495085212,0.4236387556483162,0.0,0.40756550821259535,1.8579777841998069,0.0,0.14612179295575586,0.16096835567258055,0.04402338099791711,0.00962429443799458,0.05368517617715796,0.00909250199247116,0.021051398985733327,0.01153308422564463,0.4236387556483162,0.175720913404519,0.2933874733208361,0.24557371049955795,0.15462209990725484,0.40756550821259535,0.28937010950868713,0.2579744514448897,0.11481150580517152,0.49328342956802373,0.03245900869196291,0.1142405510145452,27.20048730433312,32.16917718073176,0.2687024985841814,0.7080611787891433,0.850473202699272,1.3312339467694232,4
mission_completion,True,True,False,20.0,80.0,14,4,1.2,0.5,0.372,0.372,0.672,0.03957446808510638,0.03957446808510638,0.07148936170212766,7012,7013,7014,0.0768417414418746,0.052411003709839275,0.052470754712524624,0.020113672410705996,0.15734099644880353,0.01440826674135398,0.008554538908240993,0.0056166700373826515,0.010142535789858796,0.030357922376080253,3.899088368919818,1.3793688635821222,0.004859680721217916,-0.00046068807861879973,0.00023568154285368015,0.004832051056927453,nan,0.42145883609639223,0.4699865438481237,0,0.801684839473606,0.0030284030494761908,True,True,True,True,normal_completion,7.493711789999907,0.0726628902603999,0.15267300547435472,0.022050954083318145,0.07163706672488725,0.02852235132555464,0.004859680721217916,0.43534583034831287,0.0,0.5685273195578352,3.3342210260502005,0.0,0.21450306082236872,0.25458946240863295,0.04459595419388532,0.013194338982796174,0.053806847276036684,0.014135639557366056,0.019897730442064613,0.010598947546615107,0.43534583034831287,0.20836349181963734,0.30681683967924117,0.25826323992151107,0.16105190252689824,0.5685273195578352,0.2991599014377345,0.2998462885846067,0.18961107490680715,1.1608136936578963,0.06275435309471575,0.5144051346494612,25.793129059795273,32.46740616455522,0.36179985632421374,1.2351271709631777,0.8240167537316728,1.4055189412673037,4,0.07684174144187471,0.15734099644880373,0.014408266741353993,0.030357922376080253,0.003125488125405098,0.004859680721217916,0.42145883609639223,0.0,0.4699865438481237,2.957244953143759,0.0,0.11377793709601783,0.12281528791011583,0.0524110037098394,0.008554538908240992,0.05247075471252468,0.005616670037382651,0.02011367241070601,0.010142535789858798,0.42145883609639223,0.17237957461825276,0.30681683967924117,0.20518175971958028,0.1484027681622917,0.4699865438481237,0.2991599014377345,0.20507958725846787,0.14712465341025033,0.6776049214543036,0.03448463462782354,0.17042072564184854,27.203673592310057,32.46740616455522,0.2551003612058841,0.669414598422059,0.857028929020415,1.313908890925126,4
mission_completion,True,True,False,20.0,80.0,15,0,1.25,0.5,0.3875,0.3875,0.7000000000000001,0.04122340425531915,0.04122340425531915,0.07446808510638299,7000,7001,7002,0.08562017045590753,0.048598350997595026,0.06746539002222737,0.02043122655060042,0.16766470967850228,0.018221522680821174,0.010416756928640915,0.009811087959204582,0.011280851783178558,0.03971628363427917,4.710125015571712,2.076770261650318,0.008355914679243313,0.000640637255045394,-3.089669217757468e-05,0.008331262775153253,nan,0.44053978341946987,0.4956130425576237,0,0.7948197613061816,0.01197148432126273,True,True,True,True,normal_completion,10.2681783120006,0.07545315668806267,0.15556787828660099,0.024584815514159242,0.07791545204348449,0.02907461676549572,0.008355914679243313,0.4554688497051873,0.0,0.5930212595451565,3.6650066478812775,0.0,0.22729110278491924,0.26406297111479893,0.04358014533484784,0.01344633743774789,0.0581682513668487,0.016381223616359516,0.020258438234720358,0.012460524716330768,0.4554688497051873,0.27493925213988774,0.2932390873479078,0.29578361757953153,0.16377838525169294,0.5930212595451565,0.28799299421058006,0.30860648022406756,0.18817340397688145,1.4897528694963142,0.06307440663927182,0.6830388775320942,25.750125732057423,31.930647474204374,0.3814992141351508,1.532013168018909,0.8063422964671993,1.4557832596969926,4,0.08562017045590746,0.16766470967850206,0.018221522680821164,0.03971628363427917,0.007053937840704998,0.008355914679243313,0.44053978341946987,0.0,0.4956130425576237,2.408051929817194,0.0,0.1766528145713255,0.19305283648732466,0.048598350997595005,0.010416756928640929,0.06746539002222729,0.009811087959204582,0.020431226550600434,0.011280851783178527,0.44053978341946987,0.1712777484943659,0.2887578590041362,0.20318475181624684,0.1574554507518829,0.4956130425576237,0.28799299421058006,0.2100627676329379,0.16318060778501478,0.8834435975908193,0.038909513421732565,0.16912068375562755,27.166462842750317,31.930647474204374,0.27543063245106736,0.6676620120396379,0.8490197570770559,1.3338320301554383,4
mission_completion,True,True,False,20.0,80.0,16,1,1.25,0.5,0.3875,0.3875,0.7000000000000001,0.04122340425531915,0.04122340425531915,0.07446808510638299,7003,7004,7005,0.07743886887010511,0.04824207790584584,0.05671690450066938,0.021276115131047386,0.15631239582310538,0.014454660486908279,0.009147688649906895,0.006727777473108429,0.008943937188312883,0.037083497140571436,4.12648981930686,1.5757445106913592,0.0005798702293896627,-0.0004487708444401578,7.391359255780328e-05,0.0003597095952961038,nan,0.4355757347349495,0.37123399102692617,0,0.7879935292748893,0.010010900413408142,True,True,True,True,normal_completion,6.983080973000142,0.07780992445087298,0.1674916204617278,0.026170123624835985,0.10529389890138946,0.02520589920993512,0.0005798702293896627,0.4576800315257135,0.0,0.5196810326691702,3.3954838715130293,0.0,0.21076365778481315,0.2614573788479824,0.047262494328426746,0.017522407144577663,0.0584979267931099,0.015043604320234705,0.019965809119941655,0.012309776092808021,0.4576800315257135,0.1959735975111106,0.3077541647317173,0.43912675801996814,0.15163620597112182,0.5196810326691702,0.30037969831108385,0.48506255375112217,0.21307300652941527,1.3657513208784593,0.0760816118101889,0.7442229584769846,25.848489114091226,32.243490797589224,0.39609752841803275,1.924627616647308,0.7569864286388861,1.6110669103348103,4,0.07743886887010512,0.1563123958231055,0.014454660486908263,0.037083497140571436,0.002172634234842403,0.0005798702293896627,0.4355757347349495,0.0,0.37123399102692617,1.828313882090413,0.0,0.1325393328541256,0.14189554131113236,0.04824207790584584,0.009147688649906891,0.056716904500669414,0.006727777473108434,0.021276115131047362,0.008943937188312892,0.4355757347349495,0.15413149983283117,0.2986409893411889,0.25553744074423124,0.14065054685922065,0.37123399102692617,0.29504062652778296,0.29449429907368907,0.12880798861468576,0.5861561938089181,0.029323337160617868,0.13698475036956234,27.128809673580502,32.243490797589224,0.26661174794344505,0.7055325002909519,0.8478177499215008,1.3333409647015593,4
pre_mission_failure,False,False,False,20.0,80.0,17,2,1.25,0.5,0.3875,0.3875,0.7000000000000001,0.04122340425531915,0.04122340425531915,0.07446808510638299,7006,7007,7008,1.781210910815309,0.1469336161395027,1.6507636631951899,0.6527650032975646,0.3666661740216082,3.1439810434696716,3.1415116314783393,0.0007079627208059226,0.12458318414505182,3.146855794878993,69.36259312753722,0.0,0.09457395950369442,-0.04122340425531915,-0.04122340425531915,-0.07446808510638299,nan,0.0,0.0006334209676030073,0,0.049548746315937836,3.141126009597696,False,True,False,False,loss_of_flight,7.482282520000808,,,,,,,,,,,,,,,,,,,,,,,,,,,,,,,,,,,,,,,,,,,,,,,,,,,,,,,,,,,,,,,,,,,,,,,,,,,,
pre_mission_failure,False,False,False,20.0,80.0,18,3,1.25,0.5,0.3875,0.3875,0.7000000000000001,0.04122340425531915,0.04122340425531915,0.07446808510638299,7009,7010,7011,0.9603977220703771,0.6534793235024953,0.26312406576997205,0.6527589787397565,0.3669184136222248,4.1536176088067265,3.1415101607474067,0.0006943354057470783,2.7172509394622364,4.156273603147007,69.4411314724216,0.0,0.09457395950369442,-0.04122340425531915,-0.04122340425531915,-0.07446808510638299,nan,0.0,0.0006000933626645438,0,0.04905462634222087,3.1400417063134465,False,True,False,False,loss_of_flight,7.470821604999401,,,,,,,,,,,,,,,,,,,,,,,,,,,,,,,,,,,,,,,,,,,,,,,,,,,,,,,,,,,,,,,,,,,,,,,,,,,,
pre_mission_failure,False,False,False,20.0,80.0,19,4,1.25,0.5,0.3875,0.3875,0.7000000000000001,0.04122340425531915,0.04122340425531915,0.07446808510638299,7012,7013,7014,1.1790727013941464,0.2945188044302387,0.9366771569182145,0.6527687283544482,0.3668030205056746,3.141534941134958,3.1415264376799312,0.0006895412001356659,0.0072768305440498076,3.1444393036124505,52.22556378594734,0.0,0.09457395950369442,-0.04122340425531915,-0.04122340425531915,-0.07446808510638299,nan,0.0,0.0006394524126745974,0,0.049514888844840205,3.139842221770402,False,True,False,False,loss_of_flight,7.570506635000129,,,,,,,,,,,,,,,,,,,,,,,,,,,,,,,,,,,,,,,,,,,,,,,,,,,,,,,,,,,,,,,,,,,,,,,,,,,,
pre_mission_failure,False,False,False,20.0,80.0,20,0,1.3,0.5,0.403,0.403,0.7280000000000001,0.04287234042553192,0.04287234042553192,0.0774468085106383,7000,7001,7002,2.567199003948307,0.12003861095011886,2.4789713482407914,0.6563554771277369,0.36677462123854215,3.1427898532298704,3.141520452340157,0.0007060413919246374,0.08931299232827536,3.1455124759487356,63.049736062823094,0.0,0.09835691788384218,-0.04287234042553192,-0.04287234042553192,-0.0774468085106383,nan,0.0,0.0006703875877155884,0,0.04578265651862496,3.1405452104833924,False,True,False,False,loss_of_flight,7.513842704000126,,,,,,,,,,,,,,,,,,,,,,,,,,,,,,,,,,,,,,,,,,,,,,,,,,,,,,,,,,,,,,,,,,,,,,,,,,,,
mission_completion,True,True,False,20.0,80.0,21,1,1.3,0.5,0.403,0.403,0.7280000000000001,0.04287234042553192,0.04287234042553192,0.0774468085106383,7003,7004,7005,0.07736949072411993,0.04816326721472269,0.05668919248079103,0.021276119053735425,0.15641982356798015,0.014994938746491685,0.009525583929684635,0.006857756082182351,0.009331806916501326,0.03916531389776521,4.185887751361104,1.5914123559115023,0.0007880590208742459,-0.00044178290436284323,7.51119997021571e-05,0.0006482461517778176,nan,0.4421848564980351,0.38991716515463726,0,0.7879853169048531,0.010479175864678947,True,True,True,True,normal_completion,6.233799429000101,0.07818498271095853,0.1689815214743856,0.02850653639979683,0.11890718974318186,0.02556030477071885,0.000788059020874246,0.4696963552301032,0.0,0.5856263499224196,3.993559393547365,0.0,0.21799202195350792,0.27497693800950024,0.047244705665389714,0.01958794876857477,0.05901204604899006,0.015684534027535592,0.01996015353687077,0.01352517182484976,0.4696963552301032,0.19491344776964067,0.3094783944261677,0.46658225921187774,0.14598951727582407,0.5856263499224196,0.30465755659194366,0.5193991787265427,0.23706847430484243,1.7587765164592875,0.081229911329263,0.7711275643056047,25.85089042926472,32.239079116254004,0.4148937815150801,2.0910404238855733,0.7446065523743848,1.6511471811899803,4,0.07736949072411994,0.15641982356798007,0.014994938746491675,0.03916531389776521,0.0019662072926182697,0.000788059020874246,0.4421848564980351,0.0,0.38991716515463726,2.152078321199372,0.0,0.1338198497265245,0.14358341714732764,0.04816326721472263,0.00952558392968465,0.0566891924807911,0.006857756082182352,0.021276119053735408,0.009331806916501317,0.4421848564980351,0.15365823024110606,0.2997085679841975,0.25238900053978214,0.13653290241733482,0.38991716515463726,0.296461636437806,0.29102021017653323,0.1315950362531238,0.596822291835494,0.030927515786817465,0.1501553898399936,27.12862103978896,32.239079116254004,0.2677724256586138,0.6976110794778319,0.8412860099720632,1.3503243942286574,4
pre_mission_failure,False,False,False,20.0,80.0,22,2,1.3,0.5,0.403,0.403,0.7280000000000001,0.04287234042553192,0.04287234042553192,0.0774468085106383,7006,7007,7008,1.5819869030796152,0.2819033847671192,1.4115288157492245,0.6563531408333967,0.3666816342246823,3.1430691633499324,3.141509161085905,0.0007162636959079248,0.0990123395385625,3.145870432416298,65.28585901450084,0.0,0.09835691788384218,-0.04287234042553192,-0.04287234042553192,-0.0774468085106383,nan,0.0,0.0006520270886559716,0,0.04605515060450363,3.141205429926457,False,True,False,False,loss_of_flight,7.4988418090006235,,,,,,,,,,,,,,,,,,,,,,,,,,,,,,,,,,,,,,,,,,,,,,,,,,,,,,,,,,,,,,,,,,,,,,,,,,,,
pre_mission_failure,False,False,False,20.0,80.0,23,3,1.3,0.5,0.403,0.403,0.7280000000000001,0.04287234042553192,0.04287234042553192,0.0774468085106383,7009,7010,7011,1.588109770961986,1.4202125116204616,0.2725502172807256,0.656357711558157,0.3669698135897609,4.355821775176748,3.141515060452437,0.0006997935276346282,3.0172944788905616,4.358584119791413,69.40738996262618,0.0,0.09835691788384218,-0.04287234042553192,-0.04287234042553192,-0.0774468085106383,nan,0.0,0.0006541884217771271,0,0.045915776965702745,3.1398662657222705,False,True,False,False,loss_of_flight,7.482179005999569,,,,,,,,,,,,,,,,,,,,,,,,,,,,,,,,,,,,,,,,,,,,,,,,,,,,,,,,,,,,,,,,,,,,,,,,,,,,
pre_mission_failure,False,False,False,20.0,80.0,24,4,1.3,0.5,0.403,0.403,0.7280000000000001,0.04287234042553192,0.04287234042553192,0.0774468085106383,7012,7013,7014,3.722743546521565,3.6117584001621417,0.6190451278047555,0.6563565355562156,0.3668233174749477,4.233534379279042,3.1415127310375675,0.0006958668853155282,2.8379060268155056,4.23653948205144,69.44110631397743,0.0,0.09835691788384218,-0.04287234042553192,-0.04287234042553192,-0.0774468085106383,nan,0.0,0.0007073700138857783,0,0.0458679505444424,3.1400691954227535,False,True,False,False,loss_of_flight,7.48163662800016,,,,,,,,,,,,,,,,,,,,,,,,,,,,,,,,,,,,,,,,,,,,,,,,,,,,,,,,,,,,,,,,,,,,,,,,,,,,
pre_mission_failure,False,False,False,20.0,80.0,25,0,1.35,0.5,0.41850000000000004,0.41850000000000004,0.7560000000000001,0.04452127659574469,0.04452127659574469,0.08042553191489363,7000,7001,7002,1.5869882009998373,0.3036947563327928,1.4109670501454188,0.6599038024535098,0.36672915444700865,3.14315274008227,3.141509943366127,0.0006963111673968616,0.10160678308658834,3.145672969196746,65.90328800580403,0.0,0.10213987626398997,-0.04452127659574469,-0.04452127659574469,-0.08042553191489363,nan,0.0,0.0006386121409919642,0,0.042184063045594404,3.14063512414961,False,True,False,False,loss_of_flight,7.443298484000479,,,,,,,,,,,,,,,,,,,,,,,,,,,,,,,,,,,,,,,,,,,,,,,,,,,,,,,,,,,,,,,,,,,,,,,,,,,,
pre_mission_failure,False,False,False,20.0,80.0,26,1,1.35,0.5,0.41850000000000004,0.41850000000000004,0.7560000000000001,0.04452127659574469,0.04452127659574469,0.08042553191489363,7003,7004,7005,3.6988804321980537,1.1375670128970143,3.457191656674819,0.6599118061409777,0.36671618518072785,3.149816708117655,3.1415278160072218,0.0006949520891264271,0.22835891274839845,3.1527750821729037,69.4410388952372,0.0,0.10213987626398997,-0.04452127659574469,-0.04452127659574469,-0.08042553191489363,nan,0.0,0.0006024231342748177,0,0.04225474937972896,3.1399946603890276,False,True,False,False,loss_of_flight,7.478199360999497,,,,,,,,,,,,,,,,,,,,,,,,,,,,,,,,,,,,,,,,,,,,,,,,,,,,,,,,,,,,,,,,,,,,,,,,,,,,
pre_mission_failure,False,False,False,20.0,80.0,27,2,1.35,0.5,0.41850000000000004,0.41850000000000004,0.7560000000000001,0.04452127659574469,0.04452127659574469,0.08042553191489363,7006,7007,7008,1.5524335044476583,0.28970058714522817,1.3750149648945642,0.6598918107200208,0.3666014979555728,3.1430788584899894,3.1415355024827885,0.0007047889577798105,0.09848299649906364,3.1459923693864793,65.1634284199732,0.0,0.10213987626398997,-0.04452127659574469,-0.04452127659574469,-0.08042553191489363,nan,0.0,0.0006474192081542834,0,0.04230210798359177,3.141105245482507,False,True,False,False,loss_of_flight,7.441126707999501,,,,,,,,,,,,,,,,,,,,,,,,,,,,,,,,,,,,,,,,,,,,,,,,,,,,,,,,,,,,,,,,,,,,,,,,,,,,
pre_mission_failure,False,False,False,20.0,80.0,28,3,1.35,0.5,0.41850000000000004,0.41850000000000004,0.7560000000000001,0.04452127659574469,0.04452127659574469,0.08042553191489363,7009,7010,7011,1.2070950890925967,0.9791714841900417,0.25057723200491094,0.6599339432559076,0.3669264660536699,4.3663558432155245,3.1415281490855818,0.0006997590377703927,3.032468260084928,4.369105341209034,67.19293415770153,0.0,0.10213987626398997,-0.04452127659574469,-0.04452127659574469,-0.08042553191489363,nan,0.0,0.0006534524118142191,0,0.04183261666980373,3.1400053125673377,False,True,False,False,loss_of_flight,7.497028239999963,,,,,,,,,,,,,,,,,,,,,,,,,,,,,,,,,,,,,,,,,,,,,,,,,,,,,,,,,,,,,,,,,,,,,,,,,,,,
pre_mission_failure,False,False,False,20.0,80.0,29,4,1.35,0.5,0.41850000000000004,0.41850000000000004,0.7560000000000001,0.04452127659574469,0.04452127659574469,0.08042553191489363,7012,7013,7014,1.4042108192313685,1.2136701005216257,0.2516713557274605,0.6599048724267457,0.36677715037416153,4.395496822300107,3.1415297964520703,0.0006880281092779834,3.0742775378081135,4.398411048420874,55.10410491707504,0.0,0.10213987626398997,-0.04452127659574469,-0.04452127659574469,-0.08042553191489363,nan,0.0,0.0005980370423209766,0,0.042276495512602125,3.1398886329210924,False,True,False,False,loss_of_flight,7.483469771000273,,,,,,,,,,,,,,,,,,,,,,,,,,,,,,,,,,,,,,,,,,,,,,,,,,,,,,,,,,,,,,,,,,,,,,,,,,,,
